Total_Revenue,Average_Order_Value,Total_Orders,Total_Products,Total_Items,Active_days,Churn_Probability,Risk_level
77183.6,77183.6,1,1,74215,0,0.995,High Risk
4310.0,23.681318681318682,7,103,2458,365,0.0,Low Risk
1797.24,57.97548387096774,4,22,2341,282,0.0,Low Risk
1757.55,24.076027397260273,1,73,631,0,1.0,High Risk
334.4,19.670588235294115,1,17,197,0,1.0,High Risk
2506.04,29.482823529411764,8,59,536,260,0.0,Low Risk
89.0,22.25,1,4,20,0,1.0,High Risk
1079.4,18.610344827586207,1,58,530,0,1.0,High Risk
459.4,35.33846153846154,1,13,240,0,1.0,High Risk
2811.43,47.65135593220339,3,53,1591,302,0.005,Low Risk
6207.67,47.38679389312977,1,131,2708,0,1.0,High Risk
1168.06,61.47684210526315,2,13,248,149,0.015,Low Risk
6310.03,25.755224489795918,4,213,1609,274,0.01,Low Risk
2662.06,20.63612403100775,3,105,1165,148,0.0,Low Risk
189.9,18.990000000000002,1,10,91,0,1.0,High Risk
5226.2300000000005,19.64748120300752,10,201,2229,292,0.0,Low Risk
552.0,24.0,2,23,408,132,0.01,Low Risk
1313.1,15.448235294117646,4,70,1506,104,0.0,Low Risk
641.38,29.153636363636362,2,22,174,0,0.995,High Risk
168.9,15.354545454545455,1,11,173,0,1.0,High Risk
3541.94,21.33698795180723,4,143,2352,309,0.0,Low Risk
1887.96,29.96761904761905,2,63,591,14,1.0,High Risk
1298.04,24.962307692307693,3,34,794,224,0.0,Low Risk
364.6,26.042857142857144,1,14,197,0,1.0,High Risk
742.9300000000001,22.513030303030305,1,33,342,0,1.0,High Risk
457.5,26.91176470588235,2,14,178,87,0.995,High Risk
1628.1200000000001,21.144415584415587,2,72,944,39,0.995,High Risk
4008.62,18.30420091324201,1,219,2529,0,1.0,High Risk
852.24,21.306,2,39,407,88,0.955,High Risk
2724.81,26.200096153846154,4,77,1127,164,0.0,Low Risk
1845.31,21.21045977011494,5,70,808,115,0.0,Low Risk
1850.56,18.69252525252525,5,84,1532,167,0.0,Low Risk
585.27,21.676666666666666,2,26,126,92,0.015,Low Risk
401.9,40.19,2,10,354,29,0.99,High Risk
2780.66,27.8066,6,58,1462,311,0.0,Low Risk
549.84,17.1825,1,32,353,0,1.0,High Risk
439.66,4.72752688172043,1,92,293,0,1.0,High Risk
1582.6000000000001,24.728125000000002,4,49,816,260,0.005,Low Risk
1272.48,47.12888888888889,2,26,819,153,0.005,Low Risk
3018.63,19.350192307692307,12,91,2118,351,0.0,Low Risk
2409.9,19.126190476190477,2,110,1263,99,0.01,Low Risk
1635.6599999999999,19.24305882352941,1,85,1394,0,0.995,High Risk
1108.65,18.790677966101697,4,47,1178,142,0.01,Low Risk
84.3,16.86,1,5,11,0,1.0,High Risk
225.60000000000002,20.50909090909091,1,11,94,0,1.0,High Risk
427.7,85.53999999999999,1,5,96,0,1.0,High Risk
1710.39,31.67388888888889,1,54,857,0,1.0,High Risk
3415.3,32.52666666666667,2,91,1818,161,0.0,Low Risk
1708.12,22.18337662337662,5,57,1416,214,0.0,Low Risk
2888.55,27.51,5,81,1409,227,0.0,Low Risk
11072.67,101.58412844036697,3,91,5551,103,0.005,Low Risk
693.3299999999999,26.666538461538458,2,26,211,0,1.0,High Risk
1226.88,20.112786885245903,3,44,829,94,0.02,Low Risk
758.1,19.95,3,29,286,270,0.0,Low Risk
562.41,31.244999999999997,3,16,300,93,0.01,Low Risk
124914.53,174.95032212885152,21,451,77374,313,0.0,Low Risk
3649.1,19.005729166666665,9,159,1552,354,0.0,Low Risk
668.58,19.664117647058823,1,34,407,0,1.0,High Risk
600.39,20.70310344827586,1,29,345,0,1.0,High Risk
807.04,17.93422222222222,4,32,484,303,0.0,Low Risk
803.5600000000001,20.604102564102565,3,39,370,229,0.0,Low Risk
1859.31,14.87448,8,96,1339,352,0.0,Low Risk
1760.96,58.69866666666667,2,30,740,0,0.995,High Risk
777.2,21.58888888888889,1,36,496,0,1.0,High Risk
582.73,19.424333333333333,1,30,258,0,1.0,High Risk
825.8,26.638709677419353,3,26,533,349,0.0,Low Risk
7956.46,27.062789115646257,9,259,3536,257,0.0,Low Risk
3750.4,38.66391752577319,4,82,1557,356,0.0,Low Risk
256.4,23.30909090909091,1,11,117,0,1.0,High Risk
6419.95,27.43568376068376,15,163,2896,338,0.0,Low Risk
5059.32,46.845555555555556,5,107,1801,129,0.0,Low Risk
13375.87,31.847309523809525,7,222,11071,372,0.0,Low Risk
806.14,16.122799999999998,2,46,394,175,0.005,Low Risk
7829.89,217.49694444444447,2,31,2055,188,0.005,Low Risk
509.01,31.813125,1,16,211,0,1.0,High Risk
4951.41,24.88145728643216,18,119,2922,329,0.0,Low Risk
2906.85,29.66173469387755,2,85,1180,125,0.0,Low Risk
173.55,15.77727272727273,1,11,121,0,1.0,High Risk
172.06,14.338333333333333,1,12,182,0,1.0,High Risk
5005.46,28.440113636363638,5,138,1153,149,0.0,Low Risk
133.4,33.35,1,4,62,0,1.0,High Risk
1002.3100000000001,17.584385964912283,1,57,351,0,1.0,High Risk
476.49,18.326538461538462,1,26,190,0,1.0,High Risk
449.45,20.429545454545455,1,22,243,0,1.0,High Risk
4067.29,21.294712041884818,4,119,1553,164,0.0,Low Risk
197.88,24.735,2,7,128,17,1.0,High Risk
9035.52,25.524067796610172,5,265,6575,313,0.0,Low Risk
430.57,19.571363636363635,2,21,185,0,1.0,High Risk
707.09,16.443953488372095,1,43,473,0,1.0,High Risk
3528.34,235.22266666666667,1,15,1006,0,1.0,High Risk
2466.86,27.409555555555556,6,85,2089,223,0.0,Low Risk
3181.04,25.44832,3,105,1633,210,0.0,Low Risk
2363.23,38.11661290322581,7,53,843,172,0.0,Low Risk
947.4,24.931578947368422,2,35,506,213,0.005,Low Risk
826.88,23.62514285714286,2,35,287,60,0.995,High Risk
1189.59,19.186935483870965,2,52,536,284,0.0,Low Risk
1344.78,16.202168674698793,4,65,776,188,0.0,Low Risk
1212.05,41.79482758620689,8,6,112,299,0.01,Low Risk
742.1899999999999,15.79127659574468,2,46,479,152,0.005,Low Risk
729.54,19.198421052631577,2,36,366,128,0.005,Low Risk
19788.649999999998,43.112527233115465,30,153,8200,362,0.0,Low Risk
6572.11,19.386755162241887,7,221,4148,336,0.0,Low Risk
3928.0499999999997,23.52125748502994,5,140,2414,162,0.0,Low Risk
7324.09,17.355663507109004,18,254,4833,312,0.0,Low Risk
723.38,20.093888888888888,1,36,535,0,1.0,High Risk
6816.42,29.255021459227468,11,178,2408,345,0.0,Low Risk
13219.74,44.065799999999996,6,193,3653,278,0.0,Low Risk
680.99,18.91638888888889,1,36,236,0,1.0,High Risk
527.2,17.006451612903227,1,31,385,0,1.0,High Risk
3281.63,21.309285714285714,4,129,1707,307,0.0,Low Risk
5579.82,25.8325,10,152,3294,342,0.0,Low Risk
2484.98,33.133066666666664,8,46,1110,322,0.0,Low Risk
4527.32,13.199183673469387,6,257,2187,303,0.005,Low Risk
1298.66,23.612000000000002,3,46,529,65,0.98,High Risk
334.93,22.328666666666667,1,15,105,0,1.0,High Risk
5417.93,22.114,10,132,3064,324,0.0,Low Risk
460.40000000000003,17.70769230769231,1,25,260,0,1.0,High Risk
263.21000000000004,13.160500000000003,2,19,192,42,1.0,High Risk
433.74,19.715454545454545,2,20,207,31,1.0,High Risk
1246.1,16.18311688311688,7,65,707,349,0.0,Low Risk
1043.1,74.50714285714285,1,14,1236,0,1.0,High Risk
403.70000000000005,17.55217391304348,3,21,159,36,1.0,High Risk
4257.82,69.80032786885245,11,35,2678,310,0.0,Low Risk
2169.39,14.559664429530201,1,149,1783,0,0.995,High Risk
3723.87,25.332448979591835,5,102,820,214,0.0,Low Risk
482.04999999999995,53.5611111111111,2,6,90,12,0.995,High Risk
73.5,3.1956521739130435,1,23,23,0,1.0,High Risk
1304.81,62.13380952380952,3,19,894,164,0.005,Low Risk
397.88,5.851176470588236,2,57,271,2,0.985,High Risk
176.5,25.214285714285715,1,7,55,0,1.0,High Risk
982.5699999999999,29.774848484848484,2,29,353,182,0.0,Low Risk
132.18,4.263870967741935,2,31,96,0,0.99,High Risk
612.29,17.494,1,35,462,0,1.0,High Risk
1017.6800000000001,19.95450980392157,1,51,440,0,1.0,High Risk
383.7,23.98125,1,16,131,0,1.0,High Risk
1312.06,50.46384615384615,2,20,875,102,0.015,Low Risk
2481.6,8.894623655913978,5,233,1361,161,0.0,Low Risk
2056.89,16.58782258064516,5,84,1318,109,0.0,Low Risk
330.84000000000003,19.46117647058824,1,17,175,0,1.0,High Risk
2634.2599999999998,17.33065789473684,5,122,1439,194,0.0,Low Risk
599.68,15.781052631578946,1,38,309,0,1.0,High Risk
192.72,16.06,2,11,194,12,0.995,High Risk
1789.77,16.884622641509434,11,85,865,312,0.0,Low Risk
4485.72,31.150833333333335,8,114,3699,324,0.0,Low Risk
1316.66,18.54450704225352,3,64,632,93,0.005,Low Risk
348.71000000000004,19.37277777777778,3,18,234,243,0.0,Low Risk
1933.48,21.01608695652174,6,51,756,303,0.0,Low Risk
1662.28,25.186060606060607,4,51,913,277,0.005,Low Risk
125.22,7.365882352941177,1,17,45,0,1.0,High Risk
349.83000000000004,21.864375000000003,1,16,153,0,1.0,High Risk
1089.18,17.28857142857143,1,63,651,0,1.0,High Risk
716.35,21.069117647058825,2,28,219,94,0.01,Low Risk
12601.830000000002,48.282873563218395,3,260,2803,15,0.99,High Risk
363.95,17.33095238095238,1,21,191,0,1.0,High Risk
5568.35,20.396886446886448,4,157,2067,311,0.0,Low Risk
13400.24,28.03397489539749,17,277,6685,342,0.0,Low Risk
981.18,18.868846153846153,3,47,680,251,0.0,Low Risk
372.7,19.61578947368421,1,19,136,0,1.0,High Risk
1000.39,20.0078,2,42,523,184,0.0,Low Risk
1161.5,16.833333333333332,2,59,633,31,0.985,High Risk
207.8,25.975,2,7,134,82,1.0,High Risk
95.19999999999999,19.04,1,5,49,0,1.0,High Risk
964.83,16.92684210526316,1,57,569,0,1.0,High Risk
168.0,16.8,1,10,100,0,1.0,High Risk
437.82,21.891,2,20,88,0,0.995,High Risk
3692.28,19.33130890052356,10,97,1965,321,0.0,Low Risk
599.56,5.038319327731092,2,101,355,100,0.005,Low Risk
11990.960000000001,363.36242424242425,5,20,4384,355,0.015,Low Risk
269.96,24.54181818181818,1,11,196,0,1.0,High Risk
561.71,26.74809523809524,2,21,283,8,1.0,High Risk
2134.0099999999998,20.32390476190476,3,91,1110,137,0.0,Low Risk
238.85,14.928125,1,16,177,0,1.0,High Risk
3781.7400000000002,22.510357142857146,7,100,1779,190,0.0,Low Risk
456.9,21.757142857142856,1,21,133,0,1.0,High Risk
145.92,16.21333333333333,1,9,80,0,1.0,High Risk
351.65,18.507894736842104,1,19,265,0,1.0,High Risk
9401.28,21.079103139013455,10,323,4305,346,0.0,Low Risk
4124.69,21.939840425531912,32,93,1801,250,0.0,Low Risk
519.61,15.28264705882353,2,31,523,81,0.975,High Risk
1020.4200000000001,17.007,2,53,452,43,0.995,High Risk
160.54000000000002,5.733571428571429,1,26,84,0,1.0,High Risk
218.45000000000002,19.85909090909091,1,11,61,0,1.0,High Risk
1315.83,14.952613636363635,5,72,967,268,0.0,Low Risk
626.6,4.291780821917809,3,137,469,323,0.0,Low Risk
2794.51,24.51324561403509,2,111,1196,308,0.0,Low Risk
440.42,15.18689655172414,1,29,285,0,1.0,High Risk
415.7,17.320833333333333,1,24,238,0,1.0,High Risk
197.71,13.180666666666667,1,15,161,0,1.0,High Risk
511.36,23.243636363636366,2,21,300,49,1.0,High Risk
7281.38,29.47927125506073,15,117,5060,370,0.0,Low Risk
2338.15,24.355729166666666,9,45,416,276,0.005,Low Risk
2040.1,23.44942528735632,2,77,1279,117,0.0,Low Risk
196.94000000000003,17.903636363636366,1,11,79,0,1.0,High Risk
144.0,36.0,1,4,51,0,1.0,High Risk
214.89999999999998,21.49,1,10,53,0,1.0,High Risk
646.68,18.47657142857143,2,29,306,115,0.0,Low Risk
9864.26,145.06264705882353,2,68,4283,0,0.985,High Risk
452.84999999999997,17.41730769230769,1,26,228,0,1.0,High Risk
437.6,24.311111111111114,2,11,290,121,0.005,Low Risk
418.09999999999997,19.909523809523808,3,14,206,110,0.0,Low Risk
3338.2200000000003,28.290000000000003,10,51,1777,285,0.0,Low Risk
618.27,22.898888888888887,2,25,474,190,0.01,Low Risk
3811.22,18.50106796116505,4,185,2236,248,0.0,Low Risk
3023.08,22.902121212121212,8,84,1964,275,0.0,Low Risk
1032.58,16.654516129032256,7,32,956,275,0.0,Low Risk
2599.04,40.61,10,32,774,342,0.0,Low Risk
577.0600000000001,20.609285714285715,5,21,245,142,0.01,Low Risk
153.12,12.76,1,12,162,0,1.0,High Risk
739.1999999999999,369.59999999999997,1,2,63,0,1.0,High Risk
254.18,15.88625,2,15,201,182,0.0,Low Risk
1579.51,15.63871287128713,1,101,1228,0,1.0,High Risk
1126.85,18.78083333333333,3,57,648,240,0.0,Low Risk
2099.54,19.80698113207547,5,85,1049,103,0.0,Low Risk
1193.32,18.35876923076923,1,65,846,0,1.0,High Risk
704.04,37.054736842105264,1,19,262,0,0.995,High Risk
3344.38,21.858692810457516,5,124,1644,204,0.0,Low Risk
315.6,15.780000000000001,1,20,76,0,1.0,High Risk
2291.19,21.820857142857143,4,82,1376,166,0.0,Low Risk
713.3,22.290625,2,25,284,202,0.0,Low Risk
352.98,8.609268292682927,1,39,210,0,1.0,High Risk
177.31,16.11909090909091,1,11,96,0,1.0,High Risk
3641.24,40.45822222222222,9,50,3378,237,0.0,Low Risk
1339.41,14.558804347826088,3,89,1181,189,0.0,Low Risk
13689.67,29.31406852248394,20,265,7440,364,0.0,Low Risk
180.1,16.37272727272727,1,11,69,0,1.0,High Risk
305.1,16.950000000000003,1,18,191,0,1.0,High Risk
641.13,16.87184210526316,2,36,355,71,1.0,High Risk
2683.82,31.207209302325584,2,74,1612,107,0.0,Low Risk
6620.48,22.51863945578231,9,233,3453,303,0.0,Low Risk
4478.53,19.47186956521739,7,162,2752,129,0.0,Low Risk
786.46,19.181951219512197,3,34,448,60,1.0,High Risk
1270.88,19.8575,2,60,548,34,0.995,High Risk
640.5,20.661290322580644,1,31,236,0,1.0,High Risk
2163.98,21.425544554455445,4,73,1162,229,0.0,Low Risk
1689.18,16.724554455445546,2,97,1172,65,0.995,High Risk
6002.9,15.714397905759162,8,206,2994,256,0.0,Low Risk
671.69,17.222820512820515,1,39,577,0,1.0,High Risk
486.1,22.095454545454547,1,22,201,0,1.0,High Risk
1174.58,22.16188679245283,3,47,311,57,1.0,High Risk
185.9,18.59,1,10,72,0,1.0,High Risk
1013.26,21.558723404255318,3,39,552,82,0.99,High Risk
3344.64,139.35999999999999,6,11,1808,204,0.0,Low Risk
477.90999999999997,15.416451612903225,1,31,325,0,1.0,High Risk
1775.18,24.31753424657534,4,58,1084,282,0.0,Low Risk
1346.97,29.932666666666666,2,43,897,44,0.995,High Risk
3722.82,30.76710743801653,12,80,1431,346,0.0,Low Risk
318.05,15.145238095238096,1,21,160,0,1.0,High Risk
623.51,20.113225806451613,3,28,586,105,0.005,Low Risk
314.44,15.722,1,20,254,0,1.0,High Risk
114.0,12.666666666666666,1,9,78,0,1.0,High Risk
919.98,19.16625,1,48,505,0,1.0,High Risk
2209.85,51.391860465116274,2,37,919,147,0.01,Low Risk
601.98,15.841578947368422,5,31,264,284,0.0,Low Risk
4051.17,32.152142857142856,5,89,1723,216,0.0,Low Risk
1643.18,34.961276595744685,4,35,1044,67,0.99,High Risk
686.05,19.056944444444444,1,36,320,0,1.0,High Risk
91.68,18.336000000000002,1,5,105,0,1.0,High Risk
245.1,18.853846153846153,1,13,127,0,1.0,High Risk
3849.78,16.73817391304348,11,129,2058,372,0.0,Low Risk
4881.88,131.94270270270272,9,13,1203,314,0.0,Low Risk
63.0,21.0,1,3,37,0,1.0,High Risk
620.13,18.791818181818183,1,33,395,0,1.0,High Risk
3807.15,23.64689440993789,4,116,1634,343,0.0,Low Risk
2744.0299999999997,27.168613861386135,3,97,1115,105,0.005,Low Risk
2996.05,32.56576086956522,5,58,1397,222,0.0,Low Risk
225.9,22.59,1,10,78,0,1.0,High Risk
610.52,14.536190476190475,2,42,351,321,0.0,Low Risk
1970.6,23.742168674698792,4,52,1133,169,0.005,Low Risk
1331.39,29.586444444444446,6,33,670,286,0.0,Low Risk
17628.46,106.83915151515151,12,107,10923,311,0.0,Low Risk
1113.02,23.187916666666666,4,43,554,225,0.0,Low Risk
862.81,16.592499999999998,4,33,443,112,0.005,Low Risk
13787.54,21.610564263322885,22,269,7536,353,0.0,Low Risk
12279.82,23.434770992366413,31,216,5555,367,0.0,Low Risk
8476.57,24.641191860465117,15,180,4987,361,0.0,Low Risk
2283.63,21.748857142857144,7,61,1985,205,0.005,Low Risk
2863.08,18.236178343949042,6,117,1523,65,0.985,High Risk
89.14,12.734285714285715,1,7,107,0,1.0,High Risk
4873.8099999999995,28.501812865497072,1,170,3028,0,1.0,High Risk
1247.61,17.327916666666667,2,57,628,101,0.015,Low Risk
389.01,24.313125,1,16,106,0,1.0,High Risk
1035.8,32.36875,6,21,394,329,0.0,Low Risk
855.91,21.946410256410257,4,35,255,192,0.0,Low Risk
869.67,23.504594594594593,2,32,509,112,0.0,Low Risk
582.1,21.55925925925926,4,23,220,203,0.0,Low Risk
957.59,23.355853658536585,3,37,508,140,0.0,Low Risk
4939.99,18.432798507462685,4,194,2967,207,0.01,Low Risk
797.71,15.051132075471699,2,50,678,162,0.0,Low Risk
219.0,18.25,1,12,53,0,1.0,High Risk
283.55,13.502380952380953,1,21,164,0,1.0,High Risk
2340.84,26.600454545454546,8,64,1006,162,0.0,Low Risk
6868.29,20.56374251497006,9,229,3997,341,0.0,Low Risk
603.42,18.285454545454545,1,33,256,0,1.0,High Risk
2712.91,17.27968152866242,10,86,1307,338,0.0,Low Risk
9706.52,46.891400966183575,15,93,3912,351,0.0,Low Risk
1149.02,14.922337662337663,3,75,851,104,0.005,Low Risk
4396.13,33.053609022556394,13,58,1062,342,0.0,Low Risk
848.55,22.330263157894734,1,38,508,0,1.0,High Risk
4708.86,18.18092664092664,5,217,3069,285,0.0,Low Risk
343.36,17.168,1,20,192,0,1.0,High Risk
1053.49,15.267971014492753,2,60,708,129,0.015,Low Risk
1030.98,18.74509090909091,2,49,506,94,0.01,Low Risk
238.25,12.539473684210526,1,19,203,0,1.0,High Risk
644.95,16.53717948717949,2,34,374,59,1.0,High Risk
5781.73,16.332570621468925,25,217,4672,366,0.0,Low Risk
2656.13,16.497701863354038,6,134,1959,323,0.0,Low Risk
997.63,18.82320754716981,4,50,566,65,0.985,High Risk
725.07,10.508260869565218,5,53,434,61,0.985,High Risk
1031.41,19.460566037735852,4,48,445,327,0.005,Low Risk
427.8,17.825,1,24,164,0,1.0,High Risk
2609.1,21.041129032258063,7,57,3143,329,0.0,Low Risk
3980.7,28.638129496402875,7,109,2098,309,0.0,Low Risk
836.33,18.18108695652174,4,38,419,261,0.0,Low Risk
453.01,17.423461538461538,1,26,233,0,1.0,High Risk
18895.91,68.96317518248175,12,109,8437,341,0.0,Low Risk
236.26000000000002,19.688333333333336,1,12,111,0,1.0,High Risk
383.95,17.452272727272728,1,22,137,0,1.0,High Risk
110.39999999999999,27.599999999999998,1,4,88,0,1.0,High Risk
779.5699999999999,18.12953488372093,2,38,368,21,1.0,High Risk
234.0,58.5,1,4,173,0,1.0,High Risk
155.35,14.122727272727273,1,11,148,0,1.0,High Risk
1013.04,26.658947368421053,2,38,486,20,0.995,High Risk
427.6,15.837037037037037,1,27,342,0,1.0,High Risk
540.13,4.123129770992366,2,114,315,0,0.99,High Risk
21279.29,95.85265765765766,7,179,5241,266,0.0,Low Risk
4196.01,40.737961165048546,11,43,1275,366,0.0,Low Risk
33053.19,7.491656844968269,209,1778,25287,372,0.0,Low Risk
4090.88,20.55718592964824,5,162,1471,209,0.0,Low Risk
275.88,18.392,1,15,137,0,1.0,High Risk
4366.78,82.3920754716981,1,53,2262,0,1.0,High Risk
21429.39,108.77862944162436,6,133,11421,339,0.0,Low Risk
3010.74,47.78952380952381,3,49,6481,72,0.995,High Risk
3811.9500000000003,952.9875000000001,2,4,1491,85,0.985,High Risk
112.08,28.02,1,4,144,0,1.0,High Risk
7834.650000000001,21.52376373626374,13,239,2395,195,0.0,Low Risk
2791.59,28.779278350515465,2,84,2135,159,0.0,Low Risk
1531.44,16.12042105263158,3,81,902,223,0.0,Low Risk
1898.52,27.51478260869565,2,62,1227,17,0.99,High Risk
494.08,27.448888888888888,2,16,316,230,0.005,Low Risk
1693.88,37.64177777777778,1,45,386,0,1.0,High Risk
6989.63,22.547193548387096,7,205,3646,362,0.0,Low Risk
1143.6,35.7375,1,32,356,0,1.0,High Risk
1351.45,112.62083333333334,1,12,743,0,1.0,High Risk
892.47,16.226727272727274,1,55,556,0,1.0,High Risk
1386.04,21.00060606060606,5,48,877,294,0.0,Low Risk
822.23,16.4446,6,40,825,292,0.01,Low Risk
3981.36,26.72053691275168,8,89,2024,333,0.0,Low Risk
826.74,33.0696,2,25,671,221,0.0,Low Risk
2330.92,22.630291262135923,5,82,1086,352,0.0,Low Risk
2225.91,26.49892857142857,6,76,624,73,0.985,High Risk
532.82,9.347719298245615,2,54,280,6,1.0,High Risk
311.95,22.282142857142855,1,14,131,0,1.0,High Risk
463.66,23.183,3,17,261,182,0.0,Low Risk
91.85,22.9625,1,4,4,0,1.0,High Risk
324.92,15.472380952380954,1,21,166,0,1.0,High Risk
192.60000000000002,96.30000000000001,1,2,97,0,1.0,High Risk
400.53999999999996,16.0216,1,25,217,0,1.0,High Risk
545.48,22.728333333333335,2,21,295,36,1.0,High Risk
860.41,19.12022222222222,2,43,592,45,0.99,High Risk
430.48,30.74857142857143,1,14,68,0,1.0,High Risk
254.03,19.540769230769232,1,13,118,0,1.0,High Risk
6977.04,872.13,3,6,5256,160,0.015,Low Risk
427.58,17.1032,1,25,314,0,1.0,High Risk
483.65000000000003,17.273214285714285,3,27,188,331,0.0,Low Risk
489.31,19.572400000000002,1,25,220,0,1.0,High Risk
514.85,16.608064516129033,3,27,230,23,1.0,High Risk
229.64000000000001,15.309333333333335,1,15,164,0,1.0,High Risk
125.92,62.96,1,2,49,0,1.0,High Risk
1063.46,22.6268085106383,2,38,379,50,0.995,High Risk
572.2,19.731034482758623,2,27,128,80,1.0,High Risk
166.04,41.51,1,4,53,0,1.0,High Risk
1542.08,110.14857142857143,1,14,929,0,1.0,High Risk
942.34,15.97186440677966,4,55,722,323,0.0,Low Risk
92.72,15.453333333333333,1,6,70,0,1.0,High Risk
948.88,20.62782608695652,2,41,550,16,1.0,High Risk
1759.5,351.9,5,1,230,221,0.055,Low Risk
397.12,15.8848,1,25,232,0,1.0,High Risk
1474.72,16.205714285714286,7,59,1058,362,0.0,Low Risk
430.15,17.206,3,19,197,38,1.0,High Risk
1018.71,18.19125,6,46,494,127,0.005,Low Risk
293.0,26.636363636363637,2,9,376,23,1.0,High Risk
6814.64,179.33263157894737,6,13,9848,134,0.0,Low Risk
215.05,23.894444444444446,1,9,135,0,1.0,High Risk
383.03000000000003,14.186296296296298,2,27,195,65,0.99,High Risk
417.38,17.390833333333333,1,24,156,0,1.0,High Risk
312.38,17.354444444444443,1,18,110,0,1.0,High Risk
2610.36,15.002068965517243,4,148,1062,252,0.0,Low Risk
134.1,11.174999999999999,1,12,24,0,1.0,High Risk
671.95,5.599583333333333,2,116,355,340,0.01,Low Risk
5591.42,17.80707006369427,14,98,3807,364,0.005,Low Risk
2726.77,24.13070796460177,4,67,1511,82,0.995,High Risk
3991.58,9.641497584541062,25,230,2720,367,0.0,Low Risk
1118.99,32.9114705882353,2,34,547,238,0.005,Low Risk
1702.26,16.526796116504855,8,69,781,198,0.0,Low Risk
325.96000000000004,6.268461538461539,2,47,125,101,0.0,Low Risk
354.09000000000003,13.114444444444446,4,26,204,22,0.995,High Risk
843.64,10.043333333333333,1,72,873,0,1.0,High Risk
1010.29,21.047708333333333,2,47,597,237,0.0,Low Risk
131.81,2.8044680851063832,1,43,106,0,1.0,High Risk
311.55,18.326470588235296,1,17,149,0,1.0,High Risk
1957.1000000000001,25.09102564102564,6,66,800,181,0.0,Low Risk
1316.25,12.075688073394495,3,95,626,239,0.005,Low Risk
38.1,12.700000000000001,1,3,30,0,1.0,High Risk
2170.78,6.98,6,155,1076,55,0.99,High Risk
1106.4,24.05217391304348,2,37,343,91,0.04,Low Risk
521.2,104.24000000000001,1,5,188,0,1.0,High Risk
147.12,49.04,1,3,216,0,1.0,High Risk
1568.23,16.507684210526318,2,86,925,97,0.005,Low Risk
559.12,21.504615384615384,1,26,171,0,1.0,High Risk
4009.34,7.50812734082397,7,247,4284,333,0.0,Low Risk
1607.0600000000002,15.0192523364486,6,72,928,187,0.0,Low Risk
380.64,34.60363636363636,2,8,200,123,0.0,Low Risk
599.97,9.090454545454547,2,58,319,38,1.0,High Risk
374.0,93.5,1,4,128,0,1.0,High Risk
343.2300000000001,171.61500000000004,2,1,2019,219,0.005,Low Risk
2218.02,26.09435294117647,2,67,1941,138,0.005,Low Risk
1535.77,9.972532467532467,12,100,1178,354,0.0,Low Risk
854.99,18.191276595744682,2,38,547,29,0.995,High Risk
573.22,57.322,3,7,370,47,0.995,High Risk
298.0,42.57142857142857,1,7,21,0,1.0,High Risk
1463.04,112.54153846153847,2,12,246,24,1.0,High Risk
703.47,16.749285714285715,4,39,196,64,1.0,High Risk
309.05,44.15,1,7,43,0,1.0,High Risk
1175.22,16.552394366197184,3,66,655,60,0.99,High Risk
1378.4,16.809756097560978,2,75,770,151,0.0,Low Risk
354.12,70.824,2,4,76,41,0.995,High Risk
376.71999999999997,4.768607594936708,1,78,256,0,1.0,High Risk
331.0,110.33333333333333,3,2,950,107,0.015,Low Risk
176.55,5.695161290322581,1,27,90,0,1.0,High Risk
372.8,16.945454545454545,2,22,210,44,0.995,High Risk
216.5,54.125,2,3,110,97,0.005,Low Risk
17654.54,152.19431034482758,28,30,23075,261,0.0,Low Risk
138.68,13.868,1,10,66,0,1.0,High Risk
496.06,6.986760563380281,2,59,294,154,0.0,Low Risk
2919.81,46.34619047619047,5,55,1749,66,0.99,High Risk
750.0,375.0,2,1,1200,136,0.015,Low Risk
2178.67,23.941428571428574,5,79,1280,213,0.005,Low Risk
3075.04,41.00053333333333,8,49,1692,218,0.0,Low Risk
1662.3,69.2625,5,17,670,37,1.0,High Risk
2483.63,49.6726,5,38,1419,363,0.0,Low Risk
363.65,16.529545454545453,2,19,93,223,0.0,Low Risk
2944.95,28.59174757281553,4,55,1083,181,0.0,Low Risk
594.0,297.0,1,2,120,0,1.0,High Risk
1335.19,26.7038,6,34,673,161,0.0,Low Risk
162.78,6.028888888888889,1,27,128,0,1.0,High Risk
16587.09,23.037625,37,246,9526,364,0.0,Low Risk
405.38,14.477857142857143,1,28,370,0,1.0,High Risk
172.82,6.172142857142857,1,28,68,0,1.0,High Risk
933.7,31.123333333333335,4,22,481,239,0.0,Low Risk
694.05,15.423333333333332,2,42,541,70,1.0,High Risk
2062.7,24.55595238095238,5,61,1472,323,0.0,Low Risk
117.85,14.73125,1,8,37,0,1.0,High Risk
415.8,16.632,2,20,252,93,0.005,Low Risk
42055.96,512.8775609756098,15,30,28004,336,0.0,Low Risk
607.53,5.7314150943396225,3,102,499,259,0.0,Low Risk
2160.7,16.749612403100773,7,80,1853,317,0.005,Low Risk
1063.9,17.15967741935484,4,56,559,61,1.0,High Risk
1504.27,12.535583333333333,4,81,1007,252,0.0,Low Risk
114.14,12.682222222222222,1,9,140,0,1.0,High Risk
11581.8,246.42127659574467,8,24,4876,270,0.0,Low Risk
899.69,9.371770833333334,2,87,404,33,0.99,High Risk
675.6,9.651428571428571,3,68,198,234,0.005,Low Risk
604.51,20.150333333333332,2,29,289,319,0.0,Low Risk
462.95,20.128260869565217,1,23,165,0,1.0,High Risk
1603.99,16.535979381443298,6,83,1165,229,0.0,Low Risk
2064.95,17.801293103448273,7,82,1080,248,0.0,Low Risk
4167.22,19.382418604651164,8,168,2381,221,0.0,Low Risk
1843.0,80.1304347826087,3,13,1380,21,0.99,High Risk
1064.07,16.89,6,54,503,322,0.0,Low Risk
1387.79,17.566962025316457,4,64,653,72,1.0,High Risk
329.85,19.40294117647059,1,17,84,0,1.0,High Risk
4757.16,26.428666666666665,11,82,3664,266,0.0,Low Risk
108.07,5.687894736842105,1,19,34,0,1.0,High Risk
4017.54,16.880420168067225,8,208,2549,329,0.0,Low Risk
266.39,16.649375,2,15,129,106,0.0,Low Risk
1856.63,19.54347368421053,8,75,881,357,0.0,Low Risk
769.8100000000001,7.1278703703703705,1,107,282,0,1.0,High Risk
160.18,16.018,1,10,75,0,1.0,High Risk
1660.9,87.41578947368421,2,19,438,13,0.99,High Risk
135.95,27.189999999999998,1,5,73,0,1.0,High Risk
405.47,3.1431782945736435,4,116,268,315,0.0,Low Risk
11189.91,36.68822950819672,86,96,9289,368,0.0,Low Risk
144.8,18.1,1,8,24,0,1.0,High Risk
738.6,33.57272727272727,1,22,561,0,1.0,High Risk
39.239999999999995,4.359999999999999,1,9,12,0,1.0,High Risk
7374.900000000001,368.745,9,6,886,200,0.005,Low Risk
372.21999999999997,18.610999999999997,2,14,242,103,0.0,Low Risk
390.54,13.947857142857144,1,28,288,0,1.0,High Risk
97.5,24.375,1,4,26,0,1.0,High Risk
1239.38,16.30763157894737,2,73,1533,27,0.99,High Risk
558.7,19.95357142857143,2,27,219,124,0.015,Low Risk
505.82,6.094216867469879,1,75,126,0,0.995,High Risk
6924.11,108.18921875,15,41,2943,361,0.0,Low Risk
409.5,31.5,3,8,200,278,0.005,Low Risk
503.76,16.25032258064516,2,31,405,89,0.8,High Risk
414.76,15.361481481481482,4,26,240,275,0.0,Low Risk
974.42,15.974098360655738,3,52,459,264,0.0,Low Risk
211.32,70.44,1,3,108,0,1.0,High Risk
1226.89,20.794745762711866,4,46,664,294,0.0,Low Risk
455.88,16.28142857142857,3,25,342,49,1.0,High Risk
534.85,17.253225806451614,3,30,379,258,0.01,Low Risk
9785.970000000001,29.038486646884277,13,167,5490,322,0.0,Low Risk
120.94999999999999,17.27857142857143,1,7,73,0,1.0,High Risk
149.05,24.84166666666667,3,4,103,109,0.015,Low Risk
5655.91,13.999777227722772,18,281,4822,346,0.0,Low Risk
513.7,19.75769230769231,2,21,172,72,1.0,High Risk
81.57,20.3925,1,4,55,0,1.0,High Risk
229.46999999999997,16.390714285714285,1,14,175,0,1.0,High Risk
50.550000000000004,16.85,1,3,13,0,1.0,High Risk
1646.8400000000001,18.71409090909091,8,67,820,285,0.0,Low Risk
4810.9400000000005,21.967762557077627,13,155,2224,370,0.0,Low Risk
3466.2799999999997,31.800733944954125,10,68,905,270,0.0,Low Risk
3339.64,19.08365714285714,5,156,1609,195,0.005,Low Risk
789.89,16.806170212765956,3,39,527,49,0.985,High Risk
204.0,204.0,1,1,48,0,1.0,High Risk
7277.7,15.890174672489083,28,316,5435,279,0.0,Low Risk
2616.38,19.97236641221374,9,101,1352,354,0.0,Low Risk
689.9,17.2475,2,36,286,65,1.0,High Risk
975.36,24.384,5,32,1620,274,0.005,Low Risk
6912.0,265.84615384615387,6,6,17280,240,0.005,Low Risk
661.3199999999999,14.695999999999998,2,40,798,22,0.995,High Risk
1247.5,124.75,3,8,134,322,0.005,Low Risk
752.4399999999999,8.178695652173912,2,77,348,356,0.005,Low Risk
1010.1800000000001,14.227887323943662,2,55,375,34,0.995,High Risk
190.55,17.322727272727274,1,11,83,0,1.0,High Risk
642.77,17.372162162162162,2,37,369,314,0.0,Low Risk
921.88,34.1437037037037,2,23,644,186,0.0,Low Risk
881.07,18.355625,3,44,431,118,0.005,Low Risk
908.46,32.445,3,24,360,210,0.0,Low Risk
676.99,15.743953488372092,2,38,355,24,1.0,High Risk
516.42,39.72461538461538,1,13,254,0,1.0,High Risk
560.47,16.983939393939394,1,33,429,0,1.0,High Risk
305.28,16.959999999999997,1,18,221,0,1.0,High Risk
629.31,17.980285714285714,2,32,264,235,0.0,Low Risk
3237.54,18.822906976744186,10,106,1391,342,0.0,Low Risk
1819.41,13.477111111111112,4,78,1228,312,0.0,Low Risk
656.6800000000001,46.90571428571429,2,14,268,253,0.0,Low Risk
5836.86,14.483523573200992,17,248,3748,351,0.0,Low Risk
348.15000000000003,19.34166666666667,1,18,222,0,1.0,High Risk
1214.41,15.979078947368421,3,75,894,135,0.0,Low Risk
271.40000000000003,33.925000000000004,3,5,52,127,0.005,Low Risk
183.4,22.925,1,8,35,0,1.0,High Risk
307.53000000000003,20.502000000000002,1,15,123,0,1.0,High Risk
248.61,24.861,1,10,107,0,1.0,High Risk
346.98,31.543636363636367,1,11,343,0,1.0,High Risk
1105.59,16.258676470588235,4,50,514,314,0.0,Low Risk
205.86,14.704285714285716,1,14,74,0,1.0,High Risk
470.8,9.808333333333334,2,48,322,7,1.0,High Risk
115.46000000000001,7.697333333333334,1,14,32,0,1.0,High Risk
344.0,172.0,2,1,200,309,0.005,Low Risk
4431.44,10.451509433962263,24,283,5873,368,0.0,Low Risk
228.8,25.422222222222224,1,9,110,0,1.0,High Risk
177.15,25.307142857142857,1,7,69,0,1.0,High Risk
919.61,41.80045454545455,1,22,485,0,0.995,High Risk
728.02,6.558738738738739,4,99,862,365,0.0,Low Risk
12627.94,35.27357541899441,26,96,5630,363,0.0,Low Risk
220.10000000000002,36.68333333333334,5,2,62,136,0.005,Low Risk
58.08,9.68,1,6,120,0,1.0,High Risk
28337.38,27.67322265625,11,509,19068,359,0.0,Low Risk
3613.63,49.50178082191781,9,64,4324,212,0.0,Low Risk
303.75,16.875,2,15,187,71,1.0,High Risk
416.08,18.91272727272727,2,17,216,137,0.005,Low Risk
58762.08,32.393649393605294,97,662,31025,366,0.0,Low Risk
8910.82,57.48916129032258,14,98,2263,364,0.0,Low Risk
345.82,16.467619047619046,1,21,466,0,1.0,High Risk
477.83,19.1132,5,19,279,288,0.0,Low Risk
7832.47,49.260817610062894,8,98,3961,97,0.0,Low Risk
1927.3200000000002,80.305,12,5,1716,347,0.005,Low Risk
74.39999999999999,12.399999999999999,1,6,144,0,1.0,High Risk
6003.22,14.259429928741094,10,213,2360,327,0.0,Low Risk
28882.44,50.49377622377622,28,162,15968,316,0.0,Low Risk
207.36,207.36,1,1,288,0,1.0,High Risk
101.19,12.64875,1,8,113,0,1.0,High Risk
6424.09,21.131875,24,141,4204,363,0.0,Low Risk
243.94,30.4925,1,8,82,0,1.0,High Risk
1098.48,54.924,6,14,504,351,0.0,Low Risk
76.5,76.5,1,1,18,0,1.0,High Risk
1531.6200000000001,26.407241379310346,4,54,1293,289,0.0,Low Risk
350.06,35.006,1,10,298,0,1.0,High Risk
786.54,16.734893617021275,2,41,520,97,0.005,Low Risk
1488.67,10.266689655172414,7,110,388,279,0.005,Low Risk
12245.960000000001,61.229800000000004,24,95,3045,365,0.0,Low Risk
2294.78,19.12316666666667,4,89,1567,172,0.0,Low Risk
501.14,16.704666666666665,1,30,291,0,1.0,High Risk
984.91,12.959342105263158,8,66,945,350,0.0,Low Risk
1197.81,15.162151898734177,5,67,410,269,0.005,Low Risk
30.6,30.6,1,1,12,0,1.0,High Risk
283.73,5.674600000000001,1,50,252,0,1.0,High Risk
922.39,16.77072727272727,2,54,585,146,0.0,Low Risk
3756.33,16.920405405405404,3,186,2119,269,0.005,Low Risk
2099.64,14.997428571428571,8,124,2143,361,0.0,Low Risk
259.17,17.278000000000002,1,15,127,0,1.0,High Risk
64.0,32.0,1,2,32,0,1.0,High Risk
1073.3,24.393181818181816,3,30,447,164,0.0,Low Risk
77.3,25.766666666666666,1,3,20,0,1.0,High Risk
109.8,15.685714285714285,2,7,32,30,1.0,High Risk
1793.58,18.301836734693875,4,94,1059,154,0.0,Low Risk
3096.0,3096.0,1,1,4300,0,0.99,High Risk
2607.61,20.53236220472441,5,97,1328,156,0.0,Low Risk
3603.29,5.244963609898107,8,350,2204,298,0.0,Low Risk
962.39,15.276031746031746,6,31,473,350,0.0,Low Risk
5064.94,29.79376470588235,7,133,2425,243,0.0,Low Risk
422.47,9.388222222222224,3,40,185,258,0.0,Low Risk
2388.75,17.694444444444443,5,113,1548,230,0.0,Low Risk
307.09000000000003,13.351739130434783,1,23,258,0,1.0,High Risk
110.95,36.983333333333334,1,3,21,0,1.0,High Risk
618.52,103.08666666666666,4,5,145,332,0.01,Low Risk
228.91,13.465294117647058,1,16,154,0,1.0,High Risk
712.8,178.2,4,1,144,89,0.965,High Risk
3683.26,11.805320512820513,12,229,1965,335,0.0,Low Risk
1676.06,19.48906976744186,4,75,1280,274,0.0,Low Risk
1257.8700000000001,16.998243243243245,1,73,363,0,1.0,High Risk
486.22,32.41466666666667,1,15,418,0,1.0,High Risk
971.76,11.432470588235294,4,67,497,335,0.0,Low Risk
1741.22,20.014022988505747,4,70,1439,248,0.0,Low Risk
1201.06,15.203291139240505,4,60,784,224,0.0,Low Risk
1429.35,11.911249999999999,4,113,1058,106,0.0,Low Risk
91.8,22.95,1,4,56,0,1.0,High Risk
112.75,14.09375,1,8,29,0,1.0,High Risk
1688.29,21.370759493670885,4,73,1713,212,0.0,Low Risk
1021.48,24.32095238095238,2,40,1376,305,0.005,Low Risk
417.2,10.175609756097561,1,39,216,0,1.0,High Risk
791.33,12.174307692307693,4,52,785,125,0.0,Low Risk
1299.59,10.314206349206348,4,103,670,281,0.0,Low Risk
712.88,54.83692307692308,2,11,272,188,0.005,Low Risk
108.81,3.6270000000000002,1,29,141,0,1.0,High Risk
468.41,10.182826086956522,3,37,229,277,0.0,Low Risk
353.65000000000003,8.224418604651163,2,41,277,363,0.0,Low Risk
2742.82,9.361160409556314,3,228,1352,352,0.01,Low Risk
481.49,7.186417910447761,1,66,448,0,1.0,High Risk
282.45,16.61470588235294,1,17,91,0,1.0,High Risk
5725.47,21.60554716981132,11,102,3570,334,0.0,Low Risk
121.18,11.016363636363637,1,11,201,0,1.0,High Risk
3957.78,42.10404255319149,9,51,2208,326,0.0,Low Risk
1668.95,9.323743016759776,10,139,1662,275,0.0,Low Risk
71.4,71.4,1,1,12,0,1.0,High Risk
1575.89,19.947974683544306,3,69,820,89,0.955,High Risk
236.02,6.378918918918919,1,37,95,0,1.0,High Risk
114.6,57.3,1,2,25,0,1.0,High Risk
260.68,8.988965517241379,2,29,842,96,0.015,Low Risk
911.94,14.475238095238096,2,57,595,109,0.0,Low Risk
112.08,4.4832,1,22,46,0,1.0,High Risk
60.7,20.233333333333334,1,3,26,0,1.0,High Risk
1797.78,16.343454545454545,4,98,1224,250,0.0,Low Risk
3401.2400000000002,15.049734513274338,6,199,2648,351,0.0,Low Risk
9817.12,82.49680672268909,38,50,6176,363,0.0,Low Risk
870.09,18.915,4,42,516,107,0.0,Low Risk
869.46,15.253684210526316,4,56,800,232,0.0,Low Risk
250.26000000000002,31.282500000000002,2,7,130,135,0.0,Low Risk
1217.65,8.227364864864866,6,124,803,250,0.0,Low Risk
5891.61,18.35392523364486,8,259,4253,331,0.0,Low Risk
353.48,16.067272727272726,1,22,316,0,1.0,High Risk
1095.42,19.916727272727275,3,45,834,350,0.0,Low Risk
786.83,5.580354609929079,3,128,309,41,0.99,High Risk
1520.58,16.895333333333333,5,82,1360,142,0.005,Low Risk
333.74,66.748,1,5,297,0,1.0,High Risk
533.98,133.495,3,3,262,34,0.99,High Risk
62.63999999999999,12.527999999999999,1,5,88,0,1.0,High Risk
819.2900000000001,39.01380952380953,4,18,196,158,0.005,Low Risk
847.41,12.839545454545455,2,62,244,119,0.0,Low Risk
163.2,32.64,2,5,88,31,0.985,High Risk
2155.95,19.9625,2,102,1518,91,0.115,Low Risk
6463.84,201.995,7,23,3416,358,0.0,Low Risk
108.21000000000001,6.7631250000000005,1,16,80,0,1.0,High Risk
257.7,28.633333333333333,1,9,99,0,1.0,High Risk
358.0,179.0,1,2,200,0,1.0,High Risk
160.95,16.095,1,10,63,0,0.995,High Risk
2755.63,4.69442930153322,14,396,1638,360,0.0,Low Risk
1328.35,6.575990099009901,7,147,773,230,0.0,Low Risk
605.12,14.072558139534884,2,43,1004,261,0.0,Low Risk
1031.07,17.77706896551724,1,53,441,0,1.0,High Risk
744.85,20.69027777777778,2,34,416,82,0.99,High Risk
700.73,22.604193548387098,4,21,298,343,0.0,Low Risk
329.56,15.693333333333333,1,21,327,0,1.0,High Risk
663.65,9.905223880597015,4,59,298,269,0.0,Low Risk
270.40000000000003,20.800000000000004,3,12,130,101,0.0,Low Risk
585.12,10.265263157894736,1,56,232,0,1.0,High Risk
121.74000000000001,4.508888888888889,1,27,38,0,1.0,High Risk
430.5,26.90625,1,16,125,0,1.0,High Risk
1961.52,14.422941176470587,6,110,1587,312,0.005,Low Risk
501.12,20.0448,4,18,328,64,0.995,High Risk
465.68,17.91076923076923,2,25,305,64,1.0,High Risk
711.41,30.93086956521739,3,21,546,168,0.0,Low Risk
1030.4,28.622222222222224,2,35,1572,182,0.0,Low Risk
399.51,30.73153846153846,2,13,177,364,0.005,Low Risk
672.83,18.689722222222223,3,28,282,193,0.0,Low Risk
283.18,3.4960493827160493,1,77,126,0,0.995,High Risk
557.62,69.7025,1,8,142,0,1.0,High Risk
944.1,104.9,2,8,210,17,1.0,High Risk
200.29,18.208181818181817,1,11,125,0,1.0,High Risk
7436.93,4.46126574685063,35,454,4768,323,0.0,Low Risk
2092.66,23.251777777777775,5,66,1740,220,0.0,Low Risk
3834.2599999999998,20.504064171122995,12,82,4428,245,0.0,Low Risk
4521.49,21.428862559241704,19,93,1969,364,0.0,Low Risk
3174.75,7.331986143187067,11,259,3624,249,0.0,Low Risk
5343.28,16.96279365079365,15,180,3513,368,0.0,Low Risk
590.0,590.0,1,1,200,0,1.0,High Risk
211.49,2.430919540229885,1,79,240,0,1.0,High Risk
276.56,18.437333333333335,2,15,96,58,1.0,High Risk
138.98,8.68625,1,16,153,0,1.0,High Risk
590.9300000000001,19.69766666666667,2,30,161,36,1.0,High Risk
258.4,32.3,4,5,176,117,0.005,Low Risk
542.73,11.798478260869565,1,46,537,0,1.0,High Risk
137.75,15.305555555555555,1,9,73,0,1.0,High Risk
798.46,9.737317073170733,3,67,518,214,0.005,Low Risk
1132.14,30.59837837837838,3,29,307,202,0.0,Low Risk
93.66,13.379999999999999,2,7,90,125,0.04,Low Risk
201.19,15.476153846153846,1,13,91,0,1.0,High Risk
2709.12,14.487272727272726,4,160,2051,266,0.0,Low Risk
361.11,8.597857142857142,1,41,233,0,1.0,High Risk
578.9399999999999,18.67548387096774,2,29,347,245,0.0,Low Risk
873.74,16.18037037037037,2,48,453,59,0.99,High Risk
201.20000000000002,20.12,1,10,82,0,1.0,High Risk
87.4,17.48,1,5,78,0,1.0,High Risk
2089.85,35.421186440677964,4,53,963,59,0.995,High Risk
360.0,180.0,1,2,96,0,1.0,High Risk
142.5,28.5,1,5,30,0,1.0,High Risk
371.89,18.5945,1,20,203,0,1.0,High Risk
618.09,7.630740740740741,4,75,345,188,0.0,Low Risk
63.75,63.75,1,1,5,0,1.0,High Risk
300.42,14.305714285714286,1,21,238,0,1.0,High Risk
2000.86,24.701975308641973,10,50,1232,368,0.0,Low Risk
15.0,15.0,1,1,4,0,1.0,High Risk
1385.51,25.657592592592593,3,49,843,180,0.0,Low Risk
1456.79,13.614859813084111,5,83,1544,301,0.0,Low Risk
1132.03,15.722638888888888,3,66,587,296,0.0,Low Risk
598.57,23.02192307692308,2,26,305,145,0.005,Low Risk
1555.3200000000002,19.94,5,48,851,317,0.0,Low Risk
775.94,12.515161290322581,3,55,560,72,1.0,High Risk
5732.93,66.66197674418605,4,66,5508,217,0.0,Low Risk
2273.68,18.336129032258064,6,101,1035,292,0.0,Low Risk
640.76,32.038,3,14,304,36,0.985,High Risk
10845.550000000001,22.784768907563027,26,220,4724,360,0.0,Low Risk
1532.2,14.592380952380953,4,78,1086,135,0.0,Low Risk
567.36,51.57818181818182,2,10,372,14,0.99,High Risk
199.48000000000002,7.9792000000000005,1,25,117,0,1.0,High Risk
787.85,37.516666666666666,5,6,175,81,0.99,High Risk
7121.95,94.95933333333333,10,25,5205,324,0.0,Low Risk
675.3,56.275,1,12,240,0,1.0,High Risk
3627.77,33.59046296296296,8,76,1600,326,0.0,Low Risk
1308.48,76.96941176470588,1,17,680,0,1.0,High Risk
789.0,46.411764705882355,2,16,463,335,0.005,Low Risk
1140.93,21.526981132075473,3,38,751,223,0.01,Low Risk
350.9,16.70952380952381,1,21,179,0,1.0,High Risk
3502.32,13.216301886792454,3,209,1764,223,0.0,Low Risk
795.12,15.590588235294117,1,51,559,0,1.0,High Risk
487.02,25.632631578947368,1,19,256,0,1.0,High Risk
860.12,15.928148148148148,1,54,326,0,1.0,High Risk
10736.48,80.12298507462687,7,128,5770,231,0.0,Low Risk
775.85,18.472619047619048,1,42,301,0,1.0,High Risk
353.43,18.60157894736842,1,19,135,0,1.0,High Risk
2511.69,21.6525,3,115,952,209,0.0,Low Risk
389.5,19.475,1,20,141,0,1.0,High Risk
341.35999999999996,42.669999999999995,1,8,205,0,1.0,High Risk
233.76000000000002,16.697142857142858,1,14,136,0,1.0,High Risk
247.32,15.4575,1,16,225,0,1.0,High Risk
979.12,24.478,2,36,287,63,1.0,High Risk
373.94,23.37125,1,16,117,0,1.0,High Risk
397.97999999999996,16.5825,1,24,321,0,1.0,High Risk
743.53,14.579019607843136,1,51,604,0,1.0,High Risk
674.7,21.084375,1,32,314,0,1.0,High Risk
768.24,18.291428571428572,1,42,325,0,1.0,High Risk
609.4,6.847191011235955,1,85,321,0,1.0,High Risk
439.03,15.138965517241378,1,29,285,0,1.0,High Risk
439.56,19.11130434782609,1,23,161,0,1.0,High Risk
3090.7400000000002,18.618915662650604,4,128,1382,278,0.0,Low Risk
992.5,16.541666666666668,2,47,710,26,0.985,High Risk
134.96,13.496,1,10,71,0,1.0,High Risk
2225.37,17.385703125,2,122,1247,184,0.01,Low Risk
56.16,56.16,1,1,144,0,1.0,High Risk
623.4,21.49655172413793,2,29,327,80,0.995,High Risk
308.28000000000003,22.020000000000003,1,14,149,0,1.0,High Risk
754.87,19.355641025641027,1,39,343,0,1.0,High Risk
378.64,16.46260869565217,1,23,159,0,1.0,High Risk
3312.25,20.963607594936708,3,135,1651,215,0.0,Low Risk
778.65,21.044594594594592,1,37,442,0,1.0,High Risk
1019.76,19.240754716981133,3,45,493,135,0.0,Low Risk
572.56,5.902680412371134,3,85,601,110,0.02,Low Risk
3639.31,21.15877906976744,6,79,2029,267,0.0,Low Risk
222.99,14.866000000000001,1,15,131,0,1.0,High Risk
4151.93,27.315328947368425,7,126,2422,147,0.0,Low Risk
534.57,15.273428571428573,1,35,281,0,1.0,High Risk
677.1,19.345714285714287,2,35,282,0,1.0,High Risk
797.96,15.646274509803922,3,50,429,221,0.005,Low Risk
544.08,41.8523076923077,1,13,224,0,1.0,High Risk
59.8,59.8,1,1,4,0,1.0,High Risk
2520.02,16.258193548387098,8,124,2392,308,0.0,Low Risk
307.72,14.653333333333334,1,21,336,0,1.0,High Risk
1360.99,31.65093023255814,2,42,600,290,0.015,Low Risk
1544.13,40.635000000000005,5,28,430,266,0.005,Low Risk
457.34,17.59,1,26,281,0,1.0,High Risk
621.23,15.92897435897436,2,32,479,244,0.005,Low Risk
75.0,25.0,1,3,44,0,1.0,High Risk
252.49,22.953636363636363,2,11,111,211,0.0,Low Risk
572.451,21.201888888888888,3,25,165,243,0.0,Low Risk
28117.04,58.82225941422595,62,242,16232,371,0.0,Low Risk
1003.06,35.82357142857143,5,15,518,267,0.0,Low Risk
213.55,11.863888888888889,1,17,72,0,1.0,High Risk
1390.5,57.9375,3,23,1574,162,0.0,Low Risk
712.5,37.5,2,11,142,37,0.985,High Risk
640.83,22.886785714285715,2,26,162,200,0.0,Low Risk
6127.43,20.156019736842108,18,225,3918,360,0.0,Low Risk
221.06,13.81625,1,16,275,0,1.0,High Risk
159.85,19.98125,2,8,101,20,0.995,High Risk
1833.71,17.977549019607842,2,88,1128,249,0.005,Low Risk
2626.3,20.67952755905512,1,127,1326,0,1.0,High Risk
1624.21,20.823205128205128,3,68,1123,186,0.0,Low Risk
3641.32,23.193121019108283,10,103,2245,358,0.0,Low Risk
582.6,20.089655172413792,3,25,545,195,0.0,Low Risk
201.78,2.8419718309859157,1,70,151,0,1.0,High Risk
1006.8,15.02686567164179,4,55,1390,64,0.955,High Risk
679.4499999999999,13.866326530612243,2,48,751,67,0.995,High Risk
1269.1,27.589130434782607,2,44,672,21,0.995,High Risk
534.24,53.424,2,9,300,22,0.995,High Risk
3809.89,37.72168316831683,7,69,2129,183,0.0,Low Risk
196.89,16.4075,1,12,76,0,1.0,High Risk
3408.06,20.40754491017964,7,143,1283,175,0.0,Low Risk
283.71,5.253888888888889,1,54,242,0,1.0,High Risk
296.64,22.818461538461538,1,13,204,0,1.0,High Risk
1129.14,19.137966101694918,3,55,584,12,0.99,High Risk
3534.69,18.22005154639175,6,138,1648,357,0.0,Low Risk
291.88,15.362105263157895,1,19,222,0,1.0,High Risk
2043.72,28.784788732394368,6,32,1982,191,0.0,Low Risk
2898.2599999999998,6.693441108545034,5,318,2128,308,0.0,Low Risk
590.0,295.0,2,1,2,11,0.985,High Risk
356.97999999999996,20.998823529411762,2,16,134,123,0.0,Low Risk
1058.34,23.007391304347824,2,43,354,341,0.0,Low Risk
1766.72,28.043174603174602,6,43,765,189,0.0,Low Risk
9646.57,25.252801047120418,14,246,5508,352,0.0,Low Risk
183.44,10.790588235294118,2,16,286,20,0.99,High Risk
1445.0,53.51851851851852,3,15,1170,124,0.0,Low Risk
151.5,16.833333333333332,1,9,62,0,1.0,High Risk
674.68,16.45560975609756,1,41,403,0,1.0,High Risk
307.90000000000003,18.111764705882354,1,17,259,0,1.0,High Risk
1071.91,10.937857142857144,2,89,580,25,0.99,High Risk
5704.97,18.89062913907285,37,186,2589,371,0.0,Low Risk
165.0,16.5,2,7,100,15,1.0,High Risk
2501.84,9.84976377952756,4,214,1583,46,1.0,High Risk
422.64,20.125714285714285,2,21,266,272,0.0,Low Risk
226.84,3.658709677419355,1,57,129,0,1.0,High Risk
1431.78,16.648604651162792,4,64,1012,107,0.0,Low Risk
1238.47,21.352931034482758,2,56,417,102,0.005,Low Risk
1454.58,18.41240506329114,6,57,1021,253,0.0,Low Risk
300.95,20.063333333333333,2,14,134,33,1.0,High Risk
1804.56,16.55559633027523,5,99,1142,211,0.0,Low Risk
184.64,16.785454545454545,1,11,116,0,1.0,High Risk
140.34,14.034,1,10,160,0,1.0,High Risk
313.8,39.225,1,8,44,0,1.0,High Risk
454.24,19.749565217391304,1,23,277,0,1.0,High Risk
1122.41,16.2668115942029,3,69,669,76,0.995,High Risk
575.4,16.923529411764704,3,26,265,295,0.0,Low Risk
8968.31,21.25191943127962,13,276,4518,350,0.0,Low Risk
449.52,32.10857142857143,4,11,560,189,0.005,Low Risk
1215.82,14.137441860465115,10,73,903,320,0.0,Low Risk
1269.84,25.3968,3,38,408,78,0.985,High Risk
618.63,77.32875,2,6,380,11,0.98,High Risk
316.26000000000005,17.570000000000004,1,18,162,0,1.0,High Risk
2044.87,42.60145833333333,5,35,829,360,0.0,Low Risk
653.33,18.66657142857143,2,29,341,349,0.0,Low Risk
348.05,18.318421052631578,2,19,163,85,0.995,High Risk
1159.1100000000001,27.597857142857144,5,31,1365,252,0.0,Low Risk
1166.77,17.950307692307693,3,60,609,99,0.005,Low Risk
1340.32,25.775384615384613,1,52,560,0,1.0,High Risk
292.0,16.22222222222222,3,17,264,307,0.0,Low Risk
216.85,12.755882352941176,1,17,248,0,1.0,High Risk
295.93,13.451363636363636,1,22,178,0,1.0,High Risk
4393.63,20.435488372093022,4,182,2486,159,0.0,Low Risk
458.52,17.635384615384616,2,26,324,53,1.0,High Risk
2479.16,15.303456790123455,4,147,1597,142,0.015,Low Risk
110.97,9.2475,1,12,24,0,1.0,High Risk
979.72,22.266363636363636,7,28,1106,275,0.0,Low Risk
1791.56,15.578782608695652,4,87,1386,182,0.0,Low Risk
251.21,16.747333333333334,1,15,143,0,1.0,High Risk
205.1,20.509999999999998,1,10,109,0,1.0,High Risk
152.20000000000002,38.050000000000004,1,4,40,0,1.0,High Risk
891.12,15.103728813559322,4,50,681,175,0.0,Low Risk
1389.41,31.5775,3,43,985,217,0.0,Low Risk
2128.42,15.09517730496454,3,125,1369,120,0.005,Low Risk
627.16,17.42111111111111,1,36,382,0,1.0,High Risk
122.75,15.34375,1,8,23,0,1.0,High Risk
3624.35,38.97150537634408,6,51,1649,312,0.0,Low Risk
1071.73,2.5639473684210525,3,313,718,8,1.0,High Risk
125.80000000000001,25.160000000000004,1,5,44,0,1.0,High Risk
3964.88,23.051627906976744,5,158,1752,333,0.0,Low Risk
680.1800000000001,25.191851851851855,5,17,324,179,0.0,Low Risk
628.78,104.79666666666667,2,5,394,233,0.0,Low Risk
2242.36,10.333456221198157,7,154,1683,293,0.0,Low Risk
307.76,20.517333333333333,2,15,74,125,0.01,Low Risk
483.8,21.990909090909092,2,17,174,161,0.0,Low Risk
210.31,3.1865151515151515,1,66,129,0,1.0,High Risk
269.09,3.5878666666666663,3,61,202,84,0.955,High Risk
5870.08,19.83135135135135,25,122,2961,355,0.0,Low Risk
3444.39,19.35050561797753,7,91,2126,74,0.95,High Risk
1280.85,51.233999999999995,7,10,175,272,0.005,Low Risk
631.34,17.063243243243242,3,36,320,223,0.005,Low Risk
276.06,3.539230769230769,2,76,112,200,0.0,Low Risk
621.09,6.4029896907216495,3,73,357,188,0.0,Low Risk
678.16,5.51349593495935,2,114,436,147,0.005,Low Risk
918.2,18.00392156862745,7,37,458,216,0.0,Low Risk
91.80000000000001,22.950000000000003,1,4,12,0,1.0,High Risk
3740.07,34.31256880733945,12,83,1417,249,0.0,Low Risk
4098.88,30.362074074074076,4,128,2636,128,0.0,Low Risk
584.0600000000001,17.17823529411765,2,32,546,252,0.01,Low Risk
594.52,3.517869822485207,4,123,338,62,1.0,High Risk
171.42000000000002,5.3568750000000005,1,32,63,0,1.0,High Risk
141.85999999999999,10.132857142857143,1,14,83,0,1.0,High Risk
1799.33,21.943048780487803,3,51,757,163,0.0,Low Risk
777.53,15.867959183673468,2,49,209,55,0.995,High Risk
1724.67,21.29222222222222,3,66,636,223,0.0,Low Risk
240.22,6.321578947368421,2,35,172,315,0.005,Low Risk
856.84,5.0700591715976335,2,134,567,41,0.99,High Risk
187.05,4.3500000000000005,1,41,66,0,1.0,High Risk
338.62,4.286329113924051,2,74,156,350,0.015,Low Risk
239.49,8.870000000000001,1,27,161,0,1.0,High Risk
2088.94,6.143941176470588,12,158,1757,240,0.0,Low Risk
1384.25,41.946969696969695,1,32,534,0,1.0,High Risk
290.25,11.61,2,24,302,202,0.01,Low Risk
732.0699999999999,15.914565217391303,5,41,449,152,0.005,Low Risk
6717.34,53.312222222222225,18,79,2646,362,0.0,Low Risk
1687.6000000000001,20.33253012048193,4,62,791,216,0.0,Low Risk
467.04,20.30608695652174,2,19,176,354,0.01,Low Risk
118.0,11.8,1,10,30,0,1.0,High Risk
781.03,14.736415094339621,1,53,725,0,1.0,High Risk
142.4,5.933333333333334,1,24,37,0,1.0,High Risk
712.4,89.05,1,8,180,0,0.995,High Risk
2478.95,14.246839080459768,9,132,2606,239,0.005,Low Risk
379.65,18.07857142857143,2,21,114,164,0.005,Low Risk
1981.92,22.780689655172413,6,70,1848,291,0.005,Low Risk
1117.13,19.26086206896552,3,56,485,202,0.0,Low Risk
247.95999999999998,15.497499999999999,4,15,84,228,0.0,Low Risk
2011.88,15.841574803149607,5,77,719,227,0.0,Low Risk
396.97,15.268076923076924,1,26,359,0,1.0,High Risk
664.11,4.548698630136986,2,133,384,7,0.955,High Risk
160.04,4.572571428571428,1,33,52,0,1.0,High Risk
5149.92,20.934634146341462,21,173,3293,365,0.0,Low Risk
219.52,11.553684210526317,1,19,324,0,1.0,High Risk
693.32,7.003232323232324,2,90,548,166,0.005,Low Risk
428.89,18.647391304347824,1,23,267,0,1.0,High Risk
164.34,6.086666666666667,1,27,164,0,1.0,High Risk
276.75,6.91875,3,40,276,282,0.005,Low Risk
675.51,6.964020618556701,1,93,288,0,1.0,High Risk
1082.33,5.034093023255814,7,165,488,273,0.0,Low Risk
1154.4,16.033333333333335,3,68,754,270,0.01,Low Risk
1585.46,8.130564102564103,4,171,564,306,0.0,Low Risk
417.69,18.160434782608696,1,23,189,0,1.0,High Risk
544.18,12.367727272727272,3,31,300,140,0.0,Low Risk
177.34,13.641538461538461,1,13,246,0,1.0,High Risk
213.85,11.255263157894737,1,19,343,0,1.0,High Risk
727.74,9.33,5,75,286,266,0.0,Low Risk
257.23,13.53842105263158,1,19,209,0,1.0,High Risk
1638.47,17.80945652173913,5,83,1269,298,0.0,Low Risk
7792.36,132.07389830508475,11,29,4372,315,0.0,Low Risk
2031.78,28.61661971830986,7,51,1391,280,0.0,Low Risk
3070.42,279.1290909090909,11,6,467,167,0.005,Low Risk
2118.93,14.613310344827585,5,121,1031,218,0.0,Low Risk
1547.36,8.319139784946236,5,156,700,293,0.0,Low Risk
1071.03,17.274677419354838,1,62,677,0,1.0,High Risk
949.12,15.065396825396826,5,57,592,248,0.0,Low Risk
804.3,8.124242424242423,3,80,405,174,0.0,Low Risk
122.64,15.33,1,8,93,0,1.0,High Risk
1033.34,25.833499999999997,1,39,800,0,1.0,High Risk
312.28,5.478596491228069,1,57,151,0,1.0,High Risk
519.44,18.551428571428573,3,24,273,154,0.005,Low Risk
2624.26,17.974383561643837,4,144,2067,89,0.955,High Risk
252.1,50.42,1,5,158,0,1.0,High Risk
1648.1200000000001,21.12974358974359,4,67,887,225,0.0,Low Risk
346.6,15.069565217391306,2,23,139,109,0.0,Low Risk
1836.3400000000001,19.128541666666667,6,81,922,250,0.0,Low Risk
94.2,15.700000000000001,2,6,33,4,1.0,High Risk
1095.08,17.38222222222222,3,49,578,322,0.0,Low Risk
2707.33,16.30921686746988,6,157,2182,230,0.0,Low Risk
932.97,16.66017857142857,2,52,605,127,0.0,Low Risk
379.65,7.747959183673469,2,49,490,172,0.01,Low Risk
382.14,23.88375,2,16,209,190,0.0,Low Risk
2639.17,24.43675925925926,5,92,1019,194,0.0,Low Risk
1563.0,15.174757281553399,2,92,882,115,0.015,Low Risk
881.26,16.947307692307692,3,50,533,173,0.0,Low Risk
189.47,14.574615384615385,1,13,91,0,1.0,High Risk
84.65,7.054166666666667,3,12,41,227,0.02,Low Risk
299.05,3.603012048192771,1,82,149,0,1.0,High Risk
6309.83,13.628142548596113,21,282,3722,359,0.0,Low Risk
218.55,24.283333333333335,2,9,237,98,0.005,Low Risk
349.7,13.988,1,25,282,0,1.0,High Risk
186.39000000000001,31.065,2,4,57,30,1.0,High Risk
387.44,6.457333333333334,2,47,114,13,1.0,High Risk
486.82000000000005,19.472800000000003,2,25,330,133,0.01,Low Risk
232.6,14.5375,1,16,924,0,0.995,High Risk
3719.12,19.170721649484534,4,167,1934,337,0.0,Low Risk
827.83,14.523333333333333,4,38,360,137,0.005,Low Risk
59.5,19.833333333333332,1,3,10,0,1.0,High Risk
65.13,2.245862068965517,1,29,38,0,0.98,High Risk
3119.44,79.98564102564103,7,29,5056,57,0.95,High Risk
72.0,9.0,1,8,70,0,1.0,High Risk
910.0,151.66666666666666,1,6,512,0,1.0,High Risk
172.25,19.13888888888889,1,9,67,0,1.0,High Risk
1488.32,28.081509433962264,3,48,1226,211,0.005,Low Risk
65039.62,114.50637323943663,50,369,63312,369,0.0,Low Risk
2504.13,27.823666666666668,15,47,1603,228,0.0,Low Risk
151.29999999999998,12.608333333333333,1,12,177,0,1.0,High Risk
308.58000000000004,22.041428571428575,1,14,66,0,1.0,High Risk
2248.63,11.590876288659794,10,139,2281,300,0.0,Low Risk
99.5,99.5,1,1,10,0,1.0,High Risk
2308.06,17.224328358208954,9,111,1531,83,0.99,High Risk
711.86,25.423571428571428,3,25,363,366,0.0,Low Risk
330.79,16.5395,1,20,189,0,1.0,High Risk
806.41,16.800208333333334,2,48,351,48,0.995,High Risk
285.33,5.823061224489796,1,49,301,0,1.0,High Risk
6307.650000000001,18.828805970149254,13,252,3508,311,0.0,Low Risk
180.48,22.56,1,8,176,0,1.0,High Risk
252.06,19.38923076923077,2,11,140,0,1.0,High Risk
228.84,22.884,1,10,352,0,1.0,High Risk
1077.39,10.359519230769232,5,89,562,91,0.0,Low Risk
138.28,6.584761904761905,1,21,138,0,1.0,High Risk
1445.01,14.166764705882352,6,92,1959,266,0.0,Low Risk
306.55,25.545833333333334,2,9,173,49,0.995,High Risk
1041.68,17.361333333333334,5,56,609,219,0.0,Low Risk
799.9,18.60232558139535,4,42,501,138,0.005,Low Risk
524.14,18.719285714285714,1,28,316,0,1.0,High Risk
2375.41,27.945999999999998,3,75,1401,151,0.0,Low Risk
199.85000000000002,33.30833333333334,1,6,43,0,1.0,High Risk
1980.56,19.043846153846154,8,95,806,258,0.0,Low Risk
1079.66,25.70619047619048,2,39,1054,61,1.0,High Risk
333.48,16.674,2,19,162,4,0.995,High Risk
1016.14,16.12920634920635,6,39,458,273,0.0,Low Risk
752.6,17.50232558139535,2,38,488,25,1.0,High Risk
610.59,16.068157894736842,2,36,278,27,0.99,High Risk
491.86,14.904848484848486,1,33,498,0,1.0,High Risk
2883.54,14.787384615384616,4,158,1128,209,0.0,Low Risk
729.8,3.8410526315789473,2,167,496,255,0.01,Low Risk
339.59999999999997,11.319999999999999,1,29,125,0,1.0,High Risk
216.9,72.3,1,3,54,0,1.0,High Risk
350.75,15.25,1,23,425,0,1.0,High Risk
668.4300000000001,19.65970588235294,3,34,218,145,0.0,Low Risk
3107.87,9.92929712460064,12,200,1115,303,0.0,Low Risk
1341.6,32.72195121951219,7,9,1776,256,0.0,Low Risk
1080.52,17.15111111111111,2,54,1153,197,0.005,Low Risk
300.04,12.001600000000002,1,25,496,0,1.0,High Risk
79.6,79.6,1,1,8,0,1.0,High Risk
948.25,33.86607142857143,5,24,439,278,0.0,Low Risk
1647.26,68.63583333333334,5,20,516,283,0.0,Low Risk
296.25,32.916666666666664,1,9,152,0,1.0,High Risk
1175.38,15.671733333333334,6,64,874,122,0.0,Low Risk
741.26,21.178857142857144,1,35,512,0,1.0,High Risk
282.6,23.55,2,11,214,165,0.0,Low Risk
2108.06,6.567165109034268,9,231,1242,59,0.985,High Risk
5189.52,36.54591549295775,14,66,3188,365,0.0,Low Risk
3190.55,27.26965811965812,7,104,1844,361,0.0,Low Risk
659.4100000000001,26.376400000000004,2,24,287,37,1.0,High Risk
286.79,5.03140350877193,2,50,197,202,0.0,Low Risk
1070.65,15.295000000000002,2,68,642,129,0.005,Low Risk
306.72,43.81714285714286,1,7,272,0,1.0,High Risk
1714.96,114.33066666666667,1,15,728,0,1.0,High Risk
1519.42,7.340193236714976,3,184,926,266,0.02,Low Risk
17220.36,46.79445652173913,37,55,7322,371,0.0,Low Risk
2796.51,20.71488888888889,10,74,1163,365,0.0,Low Risk
2634.45,22.138235294117646,4,115,1477,182,0.0,Low Risk
1122.63,6.489190751445087,3,141,540,205,0.0,Low Risk
345.0,15.681818181818182,1,22,192,0,1.0,High Risk
25977.16,131.86375634517768,33,36,12897,372,0.0,Low Risk
178.7,19.855555555555554,1,9,70,0,1.0,High Risk
360.01,6.315964912280702,2,56,318,163,0.0,Low Risk
127.84,7.5200000000000005,1,17,30,0,1.0,High Risk
908.86,8.043008849557522,6,98,369,315,0.005,Low Risk
2462.79,79.44483870967741,11,9,2493,322,0.0,Low Risk
230.4,32.91428571428572,1,7,136,0,1.0,High Risk
309.04,9.969032258064518,2,24,337,288,0.005,Low Risk
348.79999999999995,7.75111111111111,1,45,748,0,1.0,High Risk
1516.0,137.8181818181818,2,7,1200,40,1.0,High Risk
195.55,15.042307692307693,2,13,92,221,0.005,Low Risk
37153.85,106.4580229226361,57,116,23948,370,0.0,Low Risk
688.86,17.663076923076922,2,32,402,177,0.01,Low Risk
558.32,16.91878787878788,1,33,331,0,1.0,High Risk
324.8,14.121739130434783,1,23,168,0,1.0,High Risk
4599.42,76.657,3,55,2572,172,0.01,Low Risk
277.07,16.298235294117646,1,17,121,0,1.0,High Risk
2588.39,19.173259259259257,7,124,1462,259,0.0,Low Risk
924.5999999999999,71.12307692307692,2,10,1900,76,0.995,High Risk
256.38,25.637999999999998,1,10,56,0,1.0,High Risk
112.6,16.085714285714285,1,7,36,0,0.995,High Risk
1747.66,22.995526315789476,5,70,782,91,0.0,Low Risk
155.05,12.920833333333334,1,11,29,0,1.0,High Risk
1499.01,42.828857142857146,3,32,312,27,0.995,High Risk
814.5,62.65384615384615,3,7,68,55,0.995,High Risk
539.0,14.972222222222221,3,33,333,63,0.995,High Risk
1366.8600000000001,19.809565217391306,4,54,552,95,0.005,Low Risk
1579.12,27.703859649122805,2,38,864,44,0.995,High Risk
4027.36,22.882727272727273,4,135,2560,296,0.0,Low Risk
571.67,20.416785714285712,2,25,269,40,0.99,High Risk
382.98,15.957500000000001,2,20,211,322,0.0,Low Risk
1140.35,31.676388888888887,3,26,1109,18,0.99,High Risk
385.64,6.536271186440678,2,51,153,116,0.005,Low Risk
632.0,6.583333333333333,2,90,611,34,0.99,High Risk
957.66,23.941499999999998,2,39,439,72,0.995,High Risk
1698.94,36.93347826086956,5,35,768,277,0.0,Low Risk
189.5,18.95,1,10,82,0,1.0,High Risk
409.8,4.4543478260869565,3,83,138,85,0.95,High Risk
209.49,13.966000000000001,1,15,311,0,1.0,High Risk
2198.45,30.534027777777776,6,59,743,353,0.0,Low Risk
52.199999999999996,17.4,1,3,28,0,1.0,High Risk
383.85,13.708928571428572,1,28,117,0,1.0,High Risk
834.57,15.174000000000001,4,48,442,190,0.005,Low Risk
266.59000000000003,14.810555555555558,2,17,182,105,0.0,Low Risk
674.82,4.089818181818182,4,144,254,364,0.0,Low Risk
85.0,85.0,1,1,100,0,1.0,High Risk
3385.62,16.43504854368932,9,155,1768,308,0.0,Low Risk
361.62,18.081,1,20,196,0,1.0,High Risk
312.98,34.775555555555556,1,9,182,0,1.0,High Risk
865.0600000000001,15.728363636363637,3,55,388,335,0.0,Low Risk
1255.0,251.0,3,3,3700,273,0.005,Low Risk
1537.95,15.227227722772279,2,97,1016,119,0.015,Low Risk
1595.48,17.155698924731183,1,93,944,0,1.0,High Risk
2651.46,32.73407407407407,3,77,1705,192,0.0,Low Risk
1090.1399999999999,47.39739130434782,1,23,312,0,1.0,High Risk
8109.5199999999995,73.72290909090908,25,39,2296,356,0.0,Low Risk
388.5,27.75,3,10,494,34,0.985,High Risk
216.17000000000002,19.651818181818182,1,11,75,0,1.0,High Risk
201.16,7.184285714285714,1,27,129,0,1.0,High Risk
1245.9,16.39342105263158,5,58,591,85,0.995,High Risk
2209.36,15.894676258992806,8,98,1688,314,0.0,Low Risk
305.78,15.288999999999998,1,20,224,0,1.0,High Risk
501.56,16.718666666666667,4,26,204,231,0.0,Low Risk
145.67,20.81,1,7,57,0,1.0,High Risk
1005.09,16.7515,3,51,501,186,0.0,Low Risk
3192.54,96.74363636363637,2,32,1964,31,1.0,High Risk
3083.65,10.143585526315789,4,235,1709,233,0.0,Low Risk
2770.94,24.095130434782607,8,91,1325,285,0.0,Low Risk
6403.25,19.057291666666668,13,160,2806,286,0.0,Low Risk
389.6,16.93913043478261,3,21,140,190,0.0,Low Risk
540.45,30.025000000000002,1,18,180,0,1.0,High Risk
1786.79,17.180673076923078,5,82,1316,247,0.0,Low Risk
122.7,17.52857142857143,1,7,36,0,1.0,High Risk
117.24,39.08,1,3,108,0,1.0,High Risk
1271.57,36.330571428571425,1,35,463,0,1.0,High Risk
3219.77,19.513757575757577,13,126,1842,345,0.0,Low Risk
17159.52,96.40179775280899,20,72,10118,308,0.0,Low Risk
1191.13,18.325076923076924,5,54,953,61,0.99,High Risk
2674.48,18.834366197183098,5,110,1436,242,0.0,Low Risk
787.6,13.349152542372881,5,47,300,276,0.0,Low Risk
506.8,18.1,2,28,182,11,1.0,High Risk
243.56,15.2225,1,16,126,0,1.0,High Risk
349.55,18.397368421052633,1,19,147,0,1.0,High Risk
595.67,15.273589743589742,2,38,254,98,0.01,Low Risk
416.90000000000003,27.793333333333337,1,15,146,0,1.0,High Risk
1883.81,17.125545454545453,10,74,831,357,0.0,Low Risk
632.97,23.443333333333335,4,26,983,219,0.005,Low Risk
821.1,39.1,1,21,190,0,0.995,High Risk
564.62,20.911851851851853,3,25,354,286,0.0,Low Risk
2593.07,21.975169491525424,4,98,1365,136,0.0,Low Risk
311.16,18.303529411764707,1,17,200,0,1.0,High Risk
155.93,12.994166666666667,1,12,133,0,1.0,High Risk
388.52,20.448421052631577,2,19,156,258,0.005,Low Risk
740.95,17.23139534883721,3,42,430,79,1.0,High Risk
2867.2,19.242953020134227,5,144,1739,246,0.0,Low Risk
332.64,12.793846153846154,2,24,332,257,0.01,Low Risk
2369.55,19.42254098360656,4,104,1478,196,0.0,Low Risk
2580.91,17.43858108108108,9,120,2731,251,0.0,Low Risk
626.45,18.983333333333334,2,29,380,24,0.995,High Risk
272.04,15.113333333333335,2,16,228,141,0.0,Low Risk
1212.8400000000001,40.428000000000004,2,30,1140,203,0.0,Low Risk
384.81,13.743214285714286,2,24,474,62,0.995,High Risk
172.25,24.607142857142858,1,7,93,0,1.0,High Risk
351.13,17.5565,1,20,185,0,1.0,High Risk
1838.8500000000001,15.716666666666669,6,90,1575,70,0.995,High Risk
678.25,16.54268292682927,4,28,331,42,0.98,High Risk
223.85000000000002,20.35,1,11,104,0,1.0,High Risk
348.99,16.61857142857143,1,21,214,0,1.0,High Risk
464.57,17.206296296296298,4,23,129,122,0.0,Low Risk
842.65,93.62777777777778,2,8,143,157,0.005,Low Risk
337.34,19.843529411764706,2,15,274,78,0.995,High Risk
1237.53,21.336724137931036,2,56,725,185,0.005,Low Risk
307.4,19.2125,1,16,72,0,1.0,High Risk
608.79,26.469130434782606,2,23,205,39,1.0,High Risk
922.1,29.74516129032258,1,31,390,0,1.0,High Risk
376.58,14.483846153846153,1,26,330,0,1.0,High Risk
158.85,17.65,1,9,123,0,1.0,High Risk
71.66,10.237142857142857,1,7,70,0,1.0,High Risk
568.55,12.634444444444444,3,43,847,288,0.005,Low Risk
839.14,17.12530612244898,4,39,516,126,0.0,Low Risk
5112.96,113.62133333333334,5,25,2364,350,0.005,Low Risk
561.57,51.051818181818184,3,11,443,188,0.005,Low Risk
90.6,18.119999999999997,1,5,44,0,1.0,High Risk
102.0,34.0,1,3,40,0,1.0,High Risk
2427.32,15.170750000000002,6,124,2474,91,0.02,Low Risk
745.06,21.28742857142857,4,33,323,235,0.005,Low Risk
674.45,17.293589743589745,3,38,459,118,0.0,Low Risk
3251.071,23.730445255474454,2,120,1431,20,1.0,High Risk
3515.68,175.784,7,8,2724,345,0.0,Low Risk
439.92,17.5968,2,24,150,69,1.0,High Risk
322.96,9.786666666666665,2,33,154,151,0.005,Low Risk
1019.27,6.933809523809524,5,123,486,266,0.0,Low Risk
594.04,6.600444444444444,3,79,355,283,0.0,Low Risk
230.22,19.185,2,11,142,50,0.995,High Risk
169.54999999999998,15.413636363636362,2,11,87,223,0.055,Low Risk
664.54,18.986857142857144,4,35,460,59,0.985,High Risk
80.7,40.35,1,2,42,0,1.0,High Risk
9024.17,14.578626817447496,18,339,4528,357,0.0,Low Risk
2758.26,18.511812080536913,8,118,1844,266,0.0,Low Risk
190.25,12.683333333333334,2,15,187,131,0.005,Low Risk
264.7,24.063636363636363,1,11,109,0,1.0,High Risk
413.59000000000003,14.77107142857143,1,28,249,0,1.0,High Risk
2461.2400000000002,7.480972644376901,6,241,1697,245,0.0,Low Risk
357.98,35.798,1,10,154,0,1.0,High Risk
196.79,13.119333333333334,2,14,315,30,1.0,High Risk
869.87,16.108703703703704,1,54,639,0,1.0,High Risk
200.14,18.19454545454545,1,11,172,0,1.0,High Risk
1871.81,16.863153153153153,4,72,1136,326,0.0,Low Risk
2603.43,24.3311214953271,12,92,1183,337,0.0,Low Risk
920.51,57.531875,5,14,679,339,0.0,Low Risk
7060.13,20.229598853868197,15,109,3445,260,0.0,Low Risk
320.46,24.650769230769228,1,12,430,0,1.0,High Risk
4147.96,17.726324786324785,6,188,3044,234,0.0,Low Risk
1266.08,30.88,2,33,1313,173,0.005,Low Risk
311.3,19.45625,1,16,190,0,1.0,High Risk
852.88,10.400975609756097,6,59,995,131,0.0,Low Risk
76.8,15.36,1,5,64,0,1.0,High Risk
3466.36,28.647603305785125,9,66,900,287,0.0,Low Risk
2274.14,15.36581081081081,6,122,932,144,0.0,Low Risk
1393.69,16.205697674418605,5,56,879,230,0.0,Low Risk
3901.81,18.758701923076924,12,104,2243,351,0.0,Low Risk
635.66,42.37733333333333,1,15,710,0,1.0,High Risk
2043.0800000000002,52.38666666666667,3,34,962,327,0.0,Low Risk
529.73,11.270851063829788,2,47,877,22,0.985,High Risk
4582.64,26.799064327485382,7,104,2668,245,0.0,Low Risk
2874.72,34.22285714285714,5,53,2478,206,0.0,Low Risk
962.19,32.073,3,23,641,196,0.0,Low Risk
695.61,16.562142857142856,2,42,365,7,1.0,High Risk
328.8,29.89090909090909,1,11,160,0,1.0,High Risk
473.02,13.91235294117647,3,30,462,165,0.005,Low Risk
505.18,12.953333333333333,1,39,1076,0,1.0,High Risk
917.34,45.867000000000004,1,20,378,0,0.995,High Risk
4341.21,26.964037267080744,4,154,2125,195,0.0,Low Risk
1421.61,21.539545454545454,3,38,1037,91,0.035,Low Risk
642.8,16.48205128205128,2,37,441,71,1.0,High Risk
631.9,28.722727272727273,3,22,192,101,0.0,Low Risk
440.0,15.714285714285714,1,28,487,0,1.0,High Risk
584.07,18.840967741935486,2,30,345,242,0.0,Low Risk
327.7,20.48125,2,16,150,2,1.0,High Risk
104.82,17.47,1,6,62,0,1.0,High Risk
467.66,31.177333333333333,2,15,198,80,1.0,High Risk
2358.84,9.747272727272728,8,210,1478,348,0.0,Low Risk
17286.86,69.14744,19,119,5788,365,0.0,Low Risk
2975.59,20.80832167832168,11,56,2032,364,0.0,Low Risk
648.89,7.545232558139535,3,82,420,135,0.0,Low Risk
1428.02,21.636666666666667,5,42,739,268,0.0,Low Risk
626.65,16.49078947368421,1,38,268,0,1.0,High Risk
147.20000000000002,5.257142857142858,2,27,46,188,0.02,Low Risk
1560.38,16.960652173913044,3,66,965,128,0.0,Low Risk
152.2,25.366666666666664,1,6,92,0,1.0,High Risk
3560.32,15.547248908296943,12,149,1544,290,0.005,Low Risk
141.41,6.733809523809524,1,21,94,0,1.0,High Risk
646.42,3.1379611650485435,4,167,304,283,0.005,Low Risk
1659.75,276.625,4,4,535,264,0.02,Low Risk
154.99,11.070714285714287,1,14,460,0,1.0,High Risk
1308.6100000000001,40.894062500000004,5,22,381,364,0.0,Low Risk
409.93,4.822705882352941,1,83,288,0,1.0,High Risk
5578.72,11.670962343096235,4,349,3808,301,0.0,Low Risk
746.36,13.821481481481483,2,49,689,74,0.995,High Risk
15610.390000000001,74.33519047619048,23,54,3756,365,0.0,Low Risk
225.36,4.024285714285715,1,56,89,0,1.0,High Risk
260.25,65.0625,2,2,215,35,0.99,High Risk
92.46000000000001,15.410000000000002,1,6,62,0,1.0,High Risk
725.6400000000001,72.56400000000001,1,10,216,0,1.0,High Risk
8152.71,7.493299632352941,23,331,4252,282,0.0,Low Risk
6211.66,21.949328621908126,17,180,4873,336,0.0,Low Risk
183.6,22.95,1,8,128,0,1.0,High Risk
6140.42,30.39811881188119,19,88,5386,368,0.0,Low Risk
10464.85,94.27792792792793,12,62,5593,354,0.0,Low Risk
1334.34,17.329090909090908,5,59,1772,245,0.005,Low Risk
152.55,21.792857142857144,1,7,45,0,1.0,High Risk
374.7,7.2057692307692305,2,51,361,32,0.995,High Risk
265.85,11.077083333333334,1,22,73,0,1.0,High Risk
1437.57,4.450681114551084,8,271,994,261,0.0,Low Risk
151.04,11.618461538461538,1,13,130,0,1.0,High Risk
942.26,21.913023255813954,3,33,754,256,0.0,Low Risk
118.67,2.6970454545454547,1,43,79,0,1.0,High Risk
499.42,11.890952380952381,5,33,268,233,0.0,Low Risk
1049.37,16.144153846153845,6,46,310,271,0.0,Low Risk
375.1,31.258333333333336,1,12,301,0,1.0,High Risk
45.599999999999994,11.399999999999999,1,4,48,0,1.0,High Risk
921.62,6.1441333333333334,2,126,592,67,0.995,High Risk
182.25,6.2844827586206895,1,28,110,0,1.0,High Risk
1002.9,5.6661016949152545,9,162,705,367,0.0,Low Risk
4421.29,9.868950892857143,18,274,3177,366,0.0,Low Risk
191.47,2.8157352941176472,1,61,250,0,1.0,High Risk
50491.81,85.7246349745331,13,381,12665,312,0.0,Low Risk
158.75,12.211538461538462,1,13,133,0,1.0,High Risk
76.32000000000001,76.32000000000001,1,1,72,0,1.0,High Risk
4076.91,19.050981308411213,14,117,2066,350,0.0,Low Risk
433.86,4.3386000000000005,1,95,391,0,1.0,High Risk
65164.79,12.749909998043435,17,1129,16352,97,0.0,Low Risk
147.35,7.016666666666667,1,21,104,0,1.0,High Risk
3104.17,12.41668,11,169,2179,338,0.0,Low Risk
191.95,7.678,1,24,63,0,1.0,High Risk
5976.79,170.76542857142857,6,16,6942,252,0.0,Low Risk
1105.8799999999999,19.066896551724135,5,35,769,39,0.985,High Risk
216.21,10.295714285714286,2,21,72,11,1.0,High Risk
1266.23,17.111216216216217,1,74,800,0,1.0,High Risk
2703.23,21.977479674796747,7,61,1793,312,0.0,Low Risk
597.91,17.585588235294118,2,33,381,70,0.995,High Risk
144.2,16.022222222222222,1,9,88,0,1.0,High Risk
5683.15,36.66548387096774,12,94,2445,263,0.0,Low Risk
692.85,69.285,4,10,458,227,0.0,Low Risk
2915.15,18.2196875,7,120,1651,253,0.0,Low Risk
1840.42,54.13,4,26,745,351,0.0,Low Risk
386.53,25.768666666666665,2,15,101,56,1.0,High Risk
1382.74,19.204722222222223,5,61,707,101,0.005,Low Risk
90.0,30.0,1,3,72,0,1.0,High Risk
2780.15,17.485220125786164,4,148,2082,56,0.995,High Risk
419.58,83.916,1,4,1618,0,1.0,High Risk
2720.63,16.38933734939759,3,159,1628,67,0.995,High Risk
706.1300000000001,47.07533333333334,3,14,508,2,0.99,High Risk
709.71,16.129772727272726,3,39,321,187,0.0,Low Risk
637.5,13.858695652173912,2,40,564,195,0.005,Low Risk
1123.8600000000001,21.61269230769231,5,35,592,259,0.0,Low Risk
480.91,7.286515151515152,1,66,257,0,1.0,High Risk
3586.0299999999997,17.930149999999998,11,99,3368,181,0.005,Low Risk
605.64,21.63,3,26,348,186,0.0,Low Risk
4690.31,35.00231343283583,15,96,3850,371,0.0,Low Risk
965.88,20.997391304347826,2,40,600,62,0.995,High Risk
415.82,15.993076923076924,1,26,510,0,1.0,High Risk
935.05,14.167424242424241,2,60,811,27,0.995,High Risk
915.13,22.87825,4,27,355,102,0.0,Low Risk
311.81,14.173181818181819,1,22,313,0,1.0,High Risk
115.8,16.54285714285714,1,7,30,0,1.0,High Risk
3742.2,340.2,4,6,756,170,0.01,Low Risk
4191.0,19.957142857142856,5,184,2437,348,0.0,Low Risk
483.4,96.67999999999999,2,4,108,207,0.0,Low Risk
157.2,52.4,1,3,16,0,1.0,High Risk
446.62,15.950714285714286,1,28,218,0,1.0,High Risk
658.64,25.33230769230769,2,23,496,324,0.0,Low Risk
621.29,12.67938775510204,2,47,711,158,0.01,Low Risk
1345.62,25.87730769230769,2,52,465,0,0.995,High Risk
118.75,19.791666666666668,1,6,25,0,1.0,High Risk
117210.08,84.02156272401434,55,730,57768,361,0.0,Low Risk
424.89000000000004,9.236739130434783,2,45,271,265,0.0,Low Risk
507.65999999999997,12.381951219512194,1,41,781,0,1.0,High Risk
4630.35,3.9407234042553196,11,507,4348,343,0.0,Low Risk
1097.6200000000001,10.554038461538463,3,87,450,153,0.0,Low Risk
289.36,11.5744,2,25,142,118,0.0,Low Risk
2445.91,47.036730769230765,4,36,893,151,0.0,Low Risk
1631.77,56.26793103448276,2,28,1033,10,0.995,High Risk
120.44,5.0183333333333335,1,23,53,0,1.0,High Risk
562.59,11.251800000000001,4,27,147,291,0.0,Low Risk
363.79,6.272241379310345,1,57,167,0,1.0,High Risk
450.84,15.546206896551723,4,28,150,208,0.0,Low Risk
134.46,5.171538461538462,1,26,94,0,1.0,High Risk
3222.3,21.626174496644296,3,139,1515,269,0.005,Low Risk
576.9000000000001,18.609677419354842,4,28,209,70,0.99,High Risk
549.46,13.401463414634147,4,37,204,93,0.01,Low Risk
1600.26,5.032264150943396,7,191,1494,173,0.0,Low Risk
701.57,4.46859872611465,2,135,319,11,0.97,High Risk
4748.52,19.785500000000003,25,111,719,361,0.0,Low Risk
452.89,18.870416666666667,1,24,127,0,1.0,High Risk
197.65,65.88333333333334,1,3,6,0,1.0,High Risk
2054.36,31.605538461538462,6,36,1162,279,0.0,Low Risk
4654.08,17.56256603773585,15,177,3937,366,0.0,Low Risk
4684.76,18.08787644787645,13,145,3662,218,0.0,Low Risk
853.39,20.318809523809524,2,35,445,201,0.005,Low Risk
11349.52,19.601934369602763,21,274,5840,303,0.0,Low Risk
1012.0,144.57142857142858,2,7,760,50,1.0,High Risk
335.52,55.919999999999995,1,6,142,0,1.0,High Risk
701.4,17.984615384615385,4,36,290,221,0.0,Low Risk
185.39999999999998,92.69999999999999,1,2,28,0,1.0,High Risk
747.44,20.20108108108108,7,32,590,299,0.0,Low Risk
150.61,3.861794871794872,1,36,72,0,1.0,High Risk
466.7,19.445833333333333,2,23,204,247,0.005,Low Risk
328.15999999999997,16.407999999999998,1,20,276,0,1.0,High Risk
151.74,15.174000000000001,1,10,114,0,1.0,High Risk
2073.43,23.83252873563218,6,56,691,321,0.0,Low Risk
1905.8400000000001,18.684705882352944,6,65,760,265,0.0,Low Risk
2241.1,20.009821428571428,9,87,1242,241,0.0,Low Risk
1070.48,118.94222222222223,1,9,1152,0,1.0,High Risk
1004.38,14.990746268656716,5,64,751,246,0.0,Low Risk
1789.72,16.57148148148148,6,98,1358,356,0.0,Low Risk
1839.3,31.17457627118644,4,47,594,34,0.995,High Risk
2004.98,20.0498,17,78,689,364,0.0,Low Risk
169.48000000000002,14.123333333333335,1,12,160,0,1.0,High Risk
89.94,12.848571428571429,1,7,78,0,1.0,High Risk
632.4,30.114285714285714,2,21,272,110,0.005,Low Risk
3432.8,17.78652849740933,9,123,2191,296,0.0,Low Risk
683.17,16.662682926829266,1,41,607,0,0.995,High Risk
991.13,16.518833333333333,3,50,585,171,0.005,Low Risk
1009.73,8.93566371681416,4,105,483,209,0.0,Low Risk
2214.79,33.55742424242424,5,64,1296,240,0.0,Low Risk
3350.96,19.148342857142858,10,118,1820,258,0.0,Low Risk
1547.2,38.68,3,29,610,281,0.0,Low Risk
925.71,18.514200000000002,3,47,409,104,0.005,Low Risk
2048.07,17.80930434782609,5,81,1941,221,0.0,Low Risk
1462.72,41.792,4,30,680,268,0.0,Low Risk
754.12,5.130068027210885,4,122,951,35,0.985,High Risk
3144.86,39.80835443037975,5,66,1959,185,0.0,Low Risk
490.86,32.724000000000004,2,15,310,291,0.0,Low Risk
161.0,17.88888888888889,1,9,38,0,1.0,High Risk
146.85,18.35625,1,8,111,0,1.0,High Risk
2380.85,21.257589285714285,11,83,993,272,0.0,Low Risk
890.34,21.19857142857143,2,38,418,195,0.005,Low Risk
213.70000000000002,21.37,1,10,146,0,1.0,High Risk
280.55,17.534375,2,13,123,91,0.015,Low Risk
2588.77,18.360070921985816,10,99,1221,357,0.0,Low Risk
1693.45,15.680092592592594,2,107,976,43,1.0,High Risk
1474.06,19.654133333333334,3,57,804,135,0.0,Low Risk
136.77,6.838500000000001,1,19,47,0,1.0,High Risk
302.58,37.8225,1,8,102,0,1.0,High Risk
1904.05,17.153603603603603,3,94,1200,82,0.995,High Risk
2879.7000000000003,36.91923076923077,5,37,1674,55,0.98,High Risk
969.0600000000001,18.284150943396227,2,51,414,104,0.005,Low Risk
3099.7200000000003,29.242641509433966,5,88,1682,254,0.0,Low Risk
12669.98,114.14396396396396,9,59,7100,328,0.0,Low Risk
120.0,24.0,1,5,68,0,1.0,High Risk
1163.45,22.37403846153846,2,52,406,27,1.0,High Risk
2618.23,18.3093006993007,8,88,1645,232,0.0,Low Risk
333.97,19.64529411764706,2,15,70,90,0.015,Low Risk
530.18,17.10258064516129,2,31,330,39,1.0,High Risk
1516.24,27.568,3,25,530,97,0.01,Low Risk
492.65000000000003,16.98793103448276,1,29,197,0,1.0,High Risk
112.32000000000001,11.232000000000001,1,10,88,0,1.0,High Risk
437.96,13.271515151515151,2,33,599,180,0.005,Low Risk
559.97,19.309310344827587,4,22,264,190,0.0,Low Risk
1119.74,17.4959375,3,55,744,191,0.0,Low Risk
4188.0,18.864864864864863,3,195,1976,197,0.005,Low Risk
134.04,16.755,1,8,52,0,1.0,High Risk
3701.44,24.035324675324677,15,73,2656,364,0.0,Low Risk
595.25,18.6015625,2,24,161,55,1.0,High Risk
1910.01,70.74111111111111,4,18,541,155,0.0,Low Risk
4628.75,16.53125,3,221,4338,219,0.005,Low Risk
176.63,19.625555555555554,3,9,261,190,0.0,Low Risk
426.6,26.6625,1,16,188,0,1.0,High Risk
911.26,19.388510638297873,6,34,292,280,0.0,Low Risk
2314.65,22.917326732673267,5,89,915,350,0.0,Low Risk
3883.25,16.385021097046412,11,145,2749,273,0.0,Low Risk
4871.93,48.719300000000004,9,65,1663,275,0.0,Low Risk
1046.56,17.15672131147541,4,52,709,365,0.0,Low Risk
166.20000000000002,33.24,1,5,84,0,1.0,High Risk
1305.33,21.053709677419352,4,48,865,257,0.005,Low Risk
51527.3,31.476664630421503,44,891,58343,352,0.0,Low Risk
3965.62,27.73160839160839,9,95,2149,357,0.0,Low Risk
43.2,14.4,1,3,32,0,1.0,High Risk
640.14,49.24153846153846,1,13,606,0,1.0,High Risk
383.45,22.555882352941175,1,17,139,0,1.0,High Risk
1858.96,17.70438095238095,3,96,1089,64,0.985,High Risk
2093.32,63.4339393939394,2,33,1075,34,1.0,High Risk
2995.72,16.642888888888887,6,150,2058,284,0.0,Low Risk
2352.53,20.10709401709402,9,74,1633,350,0.0,Low Risk
310.26,15.513,1,20,146,0,1.0,High Risk
1611.59,18.524022988505745,6,74,1012,290,0.0,Low Risk
120.0,15.0,1,8,296,0,1.0,High Risk
2481.13,24.565643564356435,6,64,1021,221,0.0,Low Risk
508.58,21.190833333333334,1,24,255,0,1.0,High Risk
477.79,15.412580645161292,2,29,325,126,0.005,Low Risk
1530.75,12.445121951219512,5,111,2406,322,0.0,Low Risk
605.0600000000001,16.807222222222222,2,32,350,123,0.005,Low Risk
183.85,22.98125,1,8,103,0,1.0,High Risk
311.65,25.97083333333333,1,12,139,0,1.0,High Risk
4975.24,19.28387596899225,7,220,3087,312,0.0,Low Risk
462.65999999999997,16.523571428571426,2,27,252,10,1.0,High Risk
840.21,33.6084,3,22,463,125,0.0,Low Risk
415.2,27.68,1,15,58,0,1.0,High Risk
2552.21,15.754382716049383,8,99,1731,341,0.0,Low Risk
454.86,7.581,2,55,375,80,1.0,High Risk
1614.91,17.943444444444445,4,77,1759,259,0.0,Low Risk
588.22,18.97483870967742,2,30,335,35,1.0,High Risk
309.52,22.108571428571427,1,14,168,0,1.0,High Risk
134.7,22.45,1,6,58,0,1.0,High Risk
2166.98,16.92953125,8,109,1397,273,0.0,Low Risk
668.5600000000001,31.836190476190477,4,18,347,188,0.0,Low Risk
889.9300000000001,12.534225352112676,8,56,477,241,0.0,Low Risk
108.97999999999999,18.16333333333333,1,6,50,0,1.0,High Risk
1021.58,17.026333333333334,2,55,605,176,0.0,Low Risk
409.57,22.753888888888888,1,18,183,0,1.0,High Risk
133.5,4.306451612903226,1,31,86,0,1.0,High Risk
282.93,15.718333333333334,1,18,183,0,1.0,High Risk
51.0,51.0,1,1,12,0,1.0,High Risk
1078.96,22.95659574468085,4,44,538,116,0.01,Low Risk
90.6,15.1,1,6,64,0,1.0,High Risk
163.62,18.18,2,9,210,24,0.99,High Risk
174.4,15.854545454545455,1,11,92,0,1.0,High Risk
701.23,21.24939393939394,2,33,277,1,0.99,High Risk
225.12,5.628,1,39,147,0,1.0,High Risk
912.18,16.58509090909091,3,44,371,68,1.0,High Risk
2118.03,18.102820512820514,4,104,1139,62,1.0,High Risk
151.5,4.094594594594595,1,37,96,0,1.0,High Risk
3717.35,53.87463768115942,8,62,1967,102,0.0,Low Risk
9227.82,17.711746641074857,16,272,4426,267,0.0,Low Risk
155.0,19.375,1,8,36,0,1.0,High Risk
100.5,25.125,1,4,34,0,1.0,High Risk
76.55,19.1375,1,4,17,0,1.0,High Risk
235.56,3.5690909090909093,1,57,184,0,1.0,High Risk
617.05,56.095454545454544,2,11,219,70,1.0,High Risk
348.1,7.567391304347827,2,40,292,251,0.005,Low Risk
202.68,3.619285714285714,1,56,146,0,1.0,High Risk
615.49,4.88484126984127,1,121,1231,0,1.0,High Risk
1247.69,21.14728813559322,3,49,817,125,0.0,Low Risk
202.10999999999999,14.43642857142857,3,13,159,14,1.0,High Risk
142.4,20.342857142857145,1,7,54,0,1.0,High Risk
1727.6,12.428776978417266,3,125,795,76,0.985,High Risk
3212.84,17.273333333333333,8,126,1941,362,0.0,Low Risk
1043.46,23.188000000000002,2,33,729,125,0.005,Low Risk
4642.57,16.347077464788732,9,140,2133,362,0.0,Low Risk
67.95,13.59,1,5,13,0,1.0,High Risk
3479.91,9.999741379310345,9,184,1689,369,0.0,Low Risk
487.99,6.684794520547945,2,71,225,306,0.0,Low Risk
2612.96,30.034022988505747,19,18,1890,210,0.0,Low Risk
574.7,22.988000000000003,1,25,454,0,1.0,High Risk
4051.48,22.26087912087912,13,114,4507,355,0.0,Low Risk
1475.81,73.7905,4,17,519,116,0.005,Low Risk
1449.32,14.4932,6,70,827,335,0.0,Low Risk
156.75,19.59375,1,8,77,0,1.0,High Risk
2157.73,29.557945205479452,6,67,1415,169,0.0,Low Risk
2599.03,24.519150943396227,7,61,1610,253,0.0,Low Risk
2059.4500000000003,38.137962962962966,6,40,1230,297,0.0,Low Risk
1100.27,5.821534391534391,9,153,567,213,0.0,Low Risk
1063.0,75.92857142857143,1,14,196,0,1.0,High Risk
770.03,17.90767441860465,2,43,786,30,1.0,High Risk
121.05,5.502272727272727,1,22,67,0,1.0,High Risk
1496.98,15.432783505154639,7,79,2512,267,0.0,Low Risk
5855.57,10.113246977547496,13,288,2996,359,0.0,Low Risk
490.22,35.01571428571429,2,13,326,20,1.0,High Risk
1937.25,15.622983870967742,3,114,1711,104,0.01,Low Risk
1051.79,5.206881188118811,6,112,483,354,0.0,Low Risk
387.52,13.362758620689654,1,29,334,0,1.0,High Risk
813.11,30.115185185185187,2,25,365,154,0.0,Low Risk
4263.64,19.205585585585588,6,189,2906,266,0.0,Low Risk
265.2,88.39999999999999,1,3,120,0,1.0,High Risk
322.08,322.08,1,1,48,0,1.0,High Risk
4481.67,20.007455357142856,10,183,2699,289,0.0,Low Risk
363.34000000000003,21.37294117647059,2,16,228,13,0.995,High Risk
1224.06,8.934744525547444,5,108,428,317,0.0,Low Risk
470.36,27.668235294117647,1,17,130,0,1.0,High Risk
2248.5,5.964190981432361,6,256,2013,79,0.985,High Risk
1372.8,114.39999999999999,6,3,368,50,0.995,High Risk
89.06,9.895555555555555,1,9,129,0,1.0,High Risk
63.0,12.6,1,5,60,0,1.0,High Risk
131.9,14.655555555555557,1,9,82,0,1.0,High Risk
2661.24,83.16375,1,32,526,0,1.0,High Risk
2357.68,42.86690909090909,5,34,588,357,0.0,Low Risk
1712.89,33.58607843137255,4,43,446,254,0.0,Low Risk
1589.82,25.235238095238095,2,58,482,112,0.0,Low Risk
1420.2,15.270967741935484,4,84,938,314,0.0,Low Risk
1010.35,3.6474729241877255,4,236,916,245,0.0,Low Risk
1163.23,16.617571428571427,5,59,571,261,0.0,Low Risk
375.35,18.767500000000002,2,20,104,354,0.0,Low Risk
885.8,3.5431999999999997,4,203,741,353,0.015,Low Risk
483.25,12.08125,3,32,241,139,0.0,Low Risk
643.9,6.132380952380952,2,86,378,134,0.01,Low Risk
259.05,4.3175,2,55,116,83,0.975,High Risk
119.93,5.451363636363637,1,22,49,0,1.0,High Risk
3017.28,3.1861457233368533,9,582,2885,137,0.005,Low Risk
113.64,28.41,1,4,88,0,1.0,High Risk
1837.92,49.67351351351351,1,37,760,0,0.995,High Risk
434.34,27.14625,3,14,881,200,0.015,Low Risk
2103.06,11.683666666666666,3,173,766,113,0.01,Low Risk
1980.57,8.500300429184549,11,150,956,273,0.0,Low Risk
529.62,88.27,3,6,179,107,0.005,Low Risk
1038.44,8.44260162601626,3,107,398,56,0.995,High Risk
2272.4,31.561111111111114,7,37,1006,343,0.0,Low Risk
596.26,6.699550561797753,4,67,276,295,0.0,Low Risk
461.19,10.725348837209303,2,43,193,275,0.01,Low Risk
1852.67,6.991207547169812,8,153,1135,251,0.005,Low Risk
234.34,33.47714285714286,2,7,88,208,0.0,Low Risk
547.66,18.884827586206896,1,29,140,0,1.0,High Risk
925.85,22.04404761904762,3,35,447,233,0.005,Low Risk
193.0,11.352941176470589,1,17,110,0,1.0,High Risk
1309.6,130.95999999999998,4,7,720,277,0.005,Low Risk
316.25,17.569444444444443,2,18,117,111,0.0,Low Risk
279.05,21.465384615384615,1,13,143,0,1.0,High Risk
636.51,21.217,2,25,489,122,0.0,Low Risk
2022.81,14.765036496350364,6,110,1627,220,0.0,Low Risk
137.1,15.233333333333333,1,9,97,0,1.0,High Risk
321.92,22.994285714285716,1,14,210,0,1.0,High Risk
162.8,3.539130434782609,1,44,70,0,1.0,High Risk
1165.48,8.324857142857143,6,112,712,341,0.0,Low Risk
1064.28,23.136521739130433,1,46,799,0,1.0,High Risk
463.38,15.446,1,30,299,0,1.0,High Risk
340.93,20.05470588235294,2,17,139,197,0.0,Low Risk
2383.24,19.860333333333333,5,95,1285,147,0.0,Low Risk
139.56,19.937142857142856,1,7,92,0,1.0,High Risk
123.8,20.633333333333333,2,6,62,70,0.985,High Risk
538.8100000000001,28.35842105263158,2,16,159,61,0.995,High Risk
475.37,16.392068965517243,1,29,235,0,1.0,High Risk
1957.32,10.141554404145078,5,161,1098,319,0.0,Low Risk
808.44,4.254947368421053,3,147,496,252,0.005,Low Risk
356.85,50.978571428571435,3,6,117,101,0.0,Low Risk
251.21,25.121000000000002,2,9,161,136,0.005,Low Risk
2429.83,3.9964309210526316,11,369,1480,293,0.0,Low Risk
3543.26,21.605243902439025,6,113,2004,175,0.0,Low Risk
673.26,6.2921495327102805,4,85,308,231,0.0,Low Risk
5859.43,7.464242038216561,8,543,2739,344,0.0,Low Risk
1960.65,6.6462711864406785,5,205,704,351,0.0,Low Risk
1367.88,14.398736842105265,6,79,594,252,0.0,Low Risk
268.05,4.873636363636364,2,52,129,67,0.985,High Risk
1314.81,19.33544117647059,5,54,784,122,0.01,Low Risk
275.28,11.968695652173912,2,19,122,44,1.0,High Risk
455.59000000000003,37.965833333333336,3,11,361,188,0.005,Low Risk
990.2,14.35072463768116,3,65,564,270,0.0,Low Risk
2076.89,21.192755102040817,6,69,1110,200,0.0,Low Risk
330.45,18.358333333333334,2,17,91,108,0.005,Low Risk
174.37,10.898125,1,16,278,0,1.0,High Risk
270.6,67.65,2,3,146,289,0.005,Low Risk
974.54,57.32588235294117,4,16,525,173,0.0,Low Risk
241.09,20.090833333333332,1,12,251,0,1.0,High Risk
1843.83,9.359543147208122,9,162,669,329,0.0,Low Risk
4215.9,14.95,9,218,2637,341,0.0,Low Risk
8507.13,8.761204943357363,55,337,2088,366,0.0,Low Risk
364.21999999999997,20.234444444444442,1,18,278,0,1.0,High Risk
578.61,2.7164788732394367,3,177,325,50,0.94,High Risk
2862.11,13.437136150234743,6,141,1395,270,0.0,Low Risk
932.85,14.57578125,4,45,284,115,0.0,Low Risk
1949.72,31.44709677419355,7,53,4019,328,0.0,Low Risk
4397.3,8.656102362204726,18,335,2027,315,0.0,Low Risk
2854.84,8.70378048780488,3,281,1824,188,0.015,Low Risk
170.95,9.497222222222222,1,18,39,0,1.0,High Risk
355.56,35.556,1,10,120,0,1.0,High Risk
388.25,20.43421052631579,2,19,155,191,0.005,Low Risk
537.48,16.79625,2,31,428,28,0.995,High Risk
952.66,13.417746478873239,3,64,411,299,0.0,Low Risk
1453.35,13.84142857142857,8,71,641,260,0.0,Low Risk
103.25,20.65,1,5,19,0,1.0,High Risk
3599.73,50.70042253521127,16,43,675,336,0.0,Low Risk
2004.3,18.056756756756755,2,98,1536,337,0.0,Low Risk
2573.93,6.48345088161209,5,252,1313,243,0.0,Low Risk
3974.75,11.196478873239437,8,199,2639,50,0.96,High Risk
652.8,163.2,2,2,256,167,0.0,Low Risk
289.24,5.165,1,56,136,0,1.0,High Risk
757.37,16.114255319148935,2,38,389,33,1.0,High Risk
186.23,18.622999999999998,2,9,106,185,0.005,Low Risk
164.22,2.8810526315789473,1,57,90,0,1.0,High Risk
859.27,7.604159292035398,5,105,493,319,0.0,Low Risk
2279.4900000000002,11.229014778325125,4,147,1443,42,0.995,High Risk
312.54,16.449473684210528,2,18,122,244,0.0,Low Risk
788.38,49.27375,1,16,510,0,1.0,High Risk
2237.77,30.240135135135134,22,40,1260,350,0.0,Low Risk
1080.76,15.6631884057971,3,67,1014,108,0.0,Low Risk
5006.77,11.949331742243437,18,190,1815,300,0.0,Low Risk
3099.12,24.40251968503937,4,111,1540,265,0.0,Low Risk
1432.0,358.0,1,4,800,0,1.0,High Risk
1530.3600000000001,46.374545454545455,2,33,412,73,0.99,High Risk
227.39,18.949166666666667,1,10,79,0,1.0,High Risk
218.06,7.519310344827586,2,29,95,0,1.0,High Risk
2804.54,10.704351145038167,7,191,1420,320,0.0,Low Risk
1639.82,7.223876651982379,9,127,534,192,0.0,Low Risk
35.400000000000006,35.400000000000006,1,1,12,0,1.0,High Risk
859.71,6.989512195121952,4,88,353,350,0.0,Low Risk
168.63,7.02625,1,24,240,0,1.0,High Risk
138.6,8.152941176470588,1,16,217,0,1.0,High Risk
114.11,19.018333333333334,1,6,73,0,1.0,High Risk
986.96,3.2680794701986757,5,244,751,200,0.025,Low Risk
1033.06,10.54142857142857,4,68,381,29,0.995,High Risk
157.05,5.415517241379311,1,29,91,0,1.0,High Risk
237.35999999999999,12.492631578947368,1,19,444,0,1.0,High Risk
1580.29,4.259541778975741,9,175,749,312,0.0,Low Risk
39.75,13.25,1,3,5,0,1.0,High Risk
1320.21,7.501193181818182,4,139,1228,197,0.005,Low Risk
557.94,3.5312658227848104,3,132,407,28,0.985,High Risk
617.15,4.087086092715231,3,129,330,177,0.005,Low Risk
363.33,6.987115384615384,2,48,183,365,0.005,Low Risk
1740.6,17.06470588235294,6,94,978,293,0.0,Low Risk
866.24,18.430638297872342,2,45,566,180,0.005,Low Risk
221.97,4.4394,1,49,189,0,1.0,High Risk
393.33000000000004,15.733200000000002,1,25,125,0,1.0,High Risk
213.96,30.565714285714286,1,7,168,0,1.0,High Risk
660.0,330.0,1,2,400,0,1.0,High Risk
12076.15,4.511075831154277,93,826,6187,372,0.0,Low Risk
16209.5,200.1172839506173,14,38,11526,245,0.0,Low Risk
1785.15,89.25750000000001,4,8,437,358,0.0,Low Risk
601.56,150.39,4,2,7026,224,0.0,Low Risk
406.08000000000004,135.36,3,2,104,74,0.99,High Risk
553.44,34.59,3,10,264,328,0.0,Low Risk
394.44,19.722,1,20,152,0,1.0,High Risk
412.78000000000003,15.876153846153848,2,26,214,78,1.0,High Risk
1788.3600000000001,19.438695652173916,5,80,993,357,0.0,Low Risk
320.58000000000004,15.265714285714287,1,21,146,0,1.0,High Risk
886.7,6.666917293233083,5,107,418,203,0.0,Low Risk
225.85,17.373076923076923,2,13,162,1,0.985,High Risk
899.63,16.974150943396225,2,51,335,164,0.0,Low Risk
2791.27,22.87926229508197,4,108,1403,209,0.0,Low Risk
671.96,27.998333333333335,2,22,272,151,0.005,Low Risk
955.26,6.3684,2,133,378,43,0.99,High Risk
1006.98,24.56048780487805,3,38,622,248,0.0,Low Risk
114.56,14.32,1,8,96,0,1.0,High Risk
344.90000000000003,17.245,1,20,96,0,1.0,High Risk
609.85,21.780357142857145,2,27,241,232,0.005,Low Risk
443.6,27.725,1,16,166,0,1.0,High Risk
2984.49,17.351686046511627,6,140,1431,309,0.0,Low Risk
2107.38,20.070285714285717,6,87,880,203,0.0,Low Risk
110.46,15.78,1,7,90,0,1.0,High Risk
96.12,48.06,1,2,76,0,1.0,High Risk
693.8100000000001,22.380967741935486,2,29,815,187,0.0,Low Risk
830.76,31.95230769230769,2,26,258,230,0.005,Low Risk
597.09,19.903000000000002,2,28,381,118,0.01,Low Risk
280206.02,134.97399807321773,73,718,196915,353,0.0,Low Risk
236.04000000000002,8.430000000000001,1,24,91,0,1.0,High Risk
1402.59,7.5408064516129025,4,149,1004,207,0.0,Low Risk
653.75,6.4727722772277225,2,95,343,143,0.01,Low Risk
114.18,3.937241379310345,1,29,53,0,1.0,High Risk
1926.65,8.233547008547008,7,156,945,337,0.0,Low Risk
1932.23,39.43326530612245,4,35,1089,214,0.0,Low Risk
291.05,3.638125,2,73,120,114,0.005,Low Risk
848.22,6.7319047619047625,4,103,466,308,0.0,Low Risk
247.15,8.522413793103448,2,28,47,111,0.0,Low Risk
2529.93,9.999723320158102,9,152,1195,306,0.0,Low Risk
285.74,9.524666666666667,2,24,228,14,0.995,High Risk
107.95,26.9875,1,4,35,0,1.0,High Risk
741.37,4.722101910828026,4,143,578,287,0.005,Low Risk
636.24,6.492244897959184,2,78,465,13,0.995,High Risk
1835.7,20.39666666666667,5,63,740,250,0.0,Low Risk
195.25,13.946428571428571,1,14,161,0,1.0,High Risk
9175.04,16.18172839506173,25,356,5319,357,0.0,Low Risk
1259.24,7.58578313253012,3,158,770,90,0.04,Low Risk
392.86,3.1939837398373987,2,107,326,0,0.995,High Risk
765.5500000000001,12.55,2,58,454,101,0.005,Low Risk
1736.4,23.464864864864865,5,39,1004,364,0.0,Low Risk
596.36,6.148041237113402,1,93,336,0,1.0,High Risk
2548.2400000000002,60.672380952380955,6,29,2500,251,0.0,Low Risk
28754.11,111.45003875968993,16,78,13476,346,0.0,Low Risk
498.95,71.27857142857142,3,6,76,140,0.0,Low Risk
52.0,26.0,2,1,80,13,0.965,High Risk
1201.51,3.080794871794872,5,230,821,336,0.02,Low Risk
628.38,41.892,1,15,470,0,1.0,High Risk
5579.1,17.219444444444445,21,151,3584,366,0.0,Low Risk
112.80000000000001,8.676923076923078,1,13,76,0,1.0,High Risk
355.05,7.3968750000000005,2,40,167,107,0.005,Low Risk
2114.33,29.779295774647885,5,52,707,182,0.0,Low Risk
591.55,8.699264705882353,4,54,265,185,0.0,Low Risk
172.9,21.6125,1,8,34,0,1.0,High Risk
2078.95,15.991923076923076,7,117,1630,368,0.0,Low Risk
188.61,8.57318181818182,2,22,181,0,0.995,High Risk
1217.27,6.0863499999999995,5,148,602,49,0.995,High Risk
109.13000000000001,13.641250000000001,1,8,77,0,1.0,High Risk
2195.1,19.599107142857143,3,80,1314,206,0.005,Low Risk
2526.09,7.725045871559633,9,269,921,305,0.005,Low Risk
3251.79,9.508157894736842,17,197,1439,364,0.0,Low Risk
318.17,14.462272727272728,1,22,183,0,1.0,High Risk
1493.96,3.8014249363867685,9,288,1043,168,0.0,Low Risk
179.0,179.0,1,1,100,0,1.0,High Risk
1126.3700000000001,40.227500000000006,3,25,621,365,0.0,Low Risk
4921.04,25.10734693877551,13,72,2484,343,0.0,Low Risk
599.48,4.4079411764705885,4,124,375,45,1.0,High Risk
2839.62,8.230782608695652,11,222,966,252,0.0,Low Risk
917.07,36.6828,3,21,315,82,0.995,High Risk
2662.2,7.876331360946745,11,148,1613,355,0.005,Low Risk
160.19,16.019,1,10,229,0,1.0,High Risk
867.38,12.21661971830986,4,60,521,306,0.0,Low Risk
307.51,6.029607843137255,2,45,495,105,0.01,Low Risk
1581.84,6.731234042553191,5,177,1025,247,0.0,Low Risk
663.81,17.94081081081081,3,34,219,120,0.0,Low Risk
180.42,6.4435714285714285,1,28,118,0,1.0,High Risk
1122.36,4.333436293436293,6,193,673,361,0.0,Low Risk
655.58,13.948510638297874,1,45,588,0,1.0,High Risk
268.58,26.857999999999997,1,10,62,0,1.0,High Risk
313.49,4.415352112676056,1,69,197,0,1.0,High Risk
1897.57,4.107294372294372,8,317,1078,275,0.0,Low Risk
380.02,8.444888888888888,3,38,256,165,0.005,Low Risk
2702.4900000000002,18.384285714285717,8,105,1405,330,0.0,Low Risk
9585.91,47.455,12,103,3764,351,0.0,Low Risk
6065.6900000000005,31.266443298969076,32,104,2264,354,0.0,Low Risk
1164.55,68.50294117647059,3,15,345,349,0.01,Low Risk
1314.45,24.34166666666667,7,39,601,273,0.0,Low Risk
3902.28,65.038,7,47,3820,363,0.0,Low Risk
1448.21,16.272022471910113,3,85,735,86,0.965,High Risk
1400.34,23.73457627118644,6,35,841,361,0.005,Low Risk
1099.98,42.30692307692308,7,21,627,350,0.0,Low Risk
1220.26,17.684927536231886,5,46,1038,172,0.0,Low Risk
328.2,18.233333333333334,1,18,84,0,1.0,High Risk
1415.75,15.907303370786517,5,87,1223,339,0.0,Low Risk
389.64,77.928,1,5,260,0,1.0,High Risk
563.15,18.771666666666665,1,30,211,0,1.0,High Risk
638.05,15.562195121951218,2,38,486,250,0.005,Low Risk
5010.28,21.320340425531914,11,129,2219,324,0.0,Low Risk
738.96,19.446315789473687,1,38,416,0,1.0,High Risk
420.5,22.13157894736842,1,19,160,0,1.0,High Risk
1484.06,20.90225352112676,4,54,419,114,0.0,Low Risk
1625.97,15.940882352941177,3,92,569,228,0.0,Low Risk
89.2,17.84,1,5,40,0,1.0,High Risk
255.9,23.263636363636365,2,11,118,276,0.0,Low Risk
300.52,14.310476190476189,1,21,341,0,1.0,High Risk
278.3,46.38333333333333,1,6,190,0,1.0,High Risk
254.11,6.515641025641026,3,38,135,147,0.0,Low Risk
2473.37,18.321259259259257,6,112,1349,358,0.0,Low Risk
192.60000000000002,38.52,2,4,52,109,0.01,Low Risk
10416.98,9.808832391713747,8,724,7239,354,0.0,Low Risk
876.42,16.854230769230767,2,49,490,90,0.065,Low Risk
139.26,15.473333333333333,1,9,82,0,1.0,High Risk
1011.9,16.865,3,57,1174,313,0.0,Low Risk
2538.2999999999997,21.694871794871794,11,44,3134,261,0.0,Low Risk
730.86,20.881714285714285,2,34,306,181,0.0,Low Risk
386.15,9.418292682926829,3,39,84,43,0.995,High Risk
447.68,16.58074074074074,2,26,310,24,1.0,High Risk
200.10000000000002,33.35,1,6,114,0,1.0,High Risk
289.99,19.332666666666668,2,15,237,297,0.0,Low Risk
77.4,25.8,2,2,84,4,0.98,High Risk
679.44,22.648000000000003,2,26,421,19,0.995,High Risk
197.64,32.94,1,6,116,0,1.0,High Risk
745.06,16.19695652173913,4,30,699,236,0.0,Low Risk
6.2,3.1,1,2,2,0,1.0,High Risk
228.99,16.356428571428573,1,14,91,0,1.0,High Risk
1319.91,16.498875,7,68,673,331,0.0,Low Risk
131.45000000000002,21.908333333333335,1,6,17,0,1.0,High Risk
7975.49,7.045485865724381,17,408,5995,365,0.0,Low Risk
173.74,14.478333333333333,3,11,150,257,0.0,Low Risk
157.7,12.13076923076923,1,13,146,0,1.0,High Risk
4331.79,11.310156657963446,12,248,3644,322,0.0,Low Risk
189.34,3.3217543859649123,1,56,173,0,1.0,High Risk
845.5500000000001,19.217045454545456,3,35,370,130,0.005,Low Risk
353.27,29.439166666666665,1,12,121,0,1.0,High Risk
546.4,11.878260869565217,4,30,114,298,0.005,Low Risk
193.39000000000001,17.580909090909092,1,11,330,0,1.0,High Risk
2718.6,11.768831168831168,8,176,2120,132,0.0,Low Risk
2085.33,8.209960629921259,11,109,1015,328,0.0,Low Risk
152.88,5.2717241379310344,2,25,66,0,0.975,High Risk
778.5,14.68867924528302,2,53,744,31,0.995,High Risk
271.85,67.9625,1,4,5,0,1.0,High Risk
1110.34,17.624444444444443,2,52,655,76,0.99,High Risk
657.8,13.704166666666666,3,41,324,179,0.0,Low Risk
272.07,20.928461538461537,2,13,109,127,0.0,Low Risk
507.29,17.492758620689656,4,24,253,152,0.0,Low Risk
48.800000000000004,24.400000000000002,1,2,20,0,1.0,High Risk
321.43,4.591857142857143,3,56,88,14,1.0,High Risk
1127.71,38.88655172413793,4,19,525,81,0.985,High Risk
2221.01,18.50841666666667,12,83,989,364,0.0,Low Risk
2139.76,125.86823529411765,3,17,2172,140,0.005,Low Risk
697.55,16.60833333333333,4,39,452,343,0.0,Low Risk
188.88,4.843076923076923,1,39,164,0,1.0,High Risk
1720.3,25.676119402985073,6,43,734,222,0.0,Low Risk
102.44999999999999,17.075,3,5,45,20,0.995,High Risk
1649.5,15.273148148148149,4,96,1436,111,0.0,Low Risk
62.85,15.7125,1,4,31,0,1.0,High Risk
3295.76,23.88231884057971,6,104,1778,305,0.0,Low Risk
2824.69,19.480620689655172,4,129,1166,264,0.0,Low Risk
3189.81,24.537,4,87,1833,177,0.0,Low Risk
309.4,23.799999999999997,1,13,120,0,1.0,High Risk
7930.54,20.439536082474227,25,163,5694,351,0.0,Low Risk
325.75,15.511904761904763,1,21,293,0,1.0,High Risk
511.35,18.2625,2,28,325,232,0.0,Low Risk
2836.69,19.83699300699301,6,96,1747,193,0.0,Low Risk
475.8,52.86666666666667,2,8,82,187,0.005,Low Risk
2740.03,21.746269841269843,7,110,1820,196,0.0,Low Risk
645.65,32.2825,2,13,267,15,0.995,High Risk
1290.53,19.854307692307692,3,65,711,20,0.985,High Risk
1173.12,19.552,2,58,464,88,0.965,High Risk
1353.74,23.340344827586208,4,48,671,191,0.0,Low Risk
170.32,15.483636363636363,1,11,232,0,1.0,High Risk
125.79,20.965,1,6,117,0,1.0,High Risk
841.2,17.525000000000002,2,47,772,122,0.0,Low Risk
266.76,24.25090909090909,1,11,132,0,1.0,High Risk
52.2,13.05,2,4,108,364,0.01,Low Risk
14389.9,145.35252525252525,12,30,6752,355,0.0,Low Risk
710.28,19.73,3,31,328,150,0.0,Low Risk
2953.59,20.511041666666667,8,97,1405,230,0.0,Low Risk
721.45,10.306428571428572,2,66,549,94,0.005,Low Risk
327.25,25.173076923076923,1,13,119,0,1.0,High Risk
501.28000000000003,5.390107526881721,4,69,179,357,0.0,Low Risk
519.68,18.56,1,28,168,0,1.0,High Risk
1465.32,31.17702127659574,2,46,558,155,0.005,Low Risk
1476.09,12.099098360655738,9,63,799,345,0.0,Low Risk
690.59,15.012826086956522,3,45,365,211,0.0,Low Risk
255.4,15.023529411764706,1,17,316,0,1.0,High Risk
589.7,53.60909090909092,2,6,158,7,0.995,High Risk
761.59,14.369622641509434,6,40,790,193,0.0,Low Risk
765.3199999999999,51.02133333333333,1,15,724,0,1.0,High Risk
364.8,20.266666666666666,1,18,160,0,1.0,High Risk
1862.0,310.3333333333333,1,6,1100,0,1.0,High Risk
369.2,18.46,1,20,184,0,1.0,High Risk
135.9,13.59,1,10,90,0,1.0,High Risk
125.65,17.95,1,7,51,0,1.0,High Risk
554.38,16.79939393939394,2,30,505,39,0.995,High Risk
1237.8500000000001,16.956849315068496,2,72,799,2,0.995,High Risk
655.75,28.51086956521739,1,23,265,0,1.0,High Risk
11138.710000000001,22.366887550200804,20,281,4851,282,0.0,Low Risk
468.77000000000004,10.901627906976746,2,43,279,160,0.005,Low Risk
1366.38,24.84327272727273,4,43,468,289,0.0,Low Risk
1269.31,11.645045871559633,6,87,1001,347,0.0,Low Risk
1421.29,14.805104166666666,9,73,661,361,0.0,Low Risk
332.66,16.633000000000003,1,20,218,0,1.0,High Risk
2795.33,7.986657142857142,5,229,1531,257,0.01,Low Risk
1025.44,14.86144927536232,2,66,1985,23,1.0,High Risk
616.15,36.24411764705882,2,14,287,76,0.995,High Risk
3501.1,21.21878787878788,7,126,1691,364,0.0,Low Risk
277.8,30.866666666666667,1,9,132,0,1.0,High Risk
434.35,14.478333333333333,4,25,238,51,0.995,High Risk
143711.17,25.345885361552032,201,1816,80240,372,0.0,Low Risk
867.85,32.14259259259259,2,22,971,229,0.0,Low Risk
1227.43,14.108390804597702,4,75,1743,323,0.0,Low Risk
307.48,25.623333333333335,2,12,112,186,0.0,Low Risk
1268.98,16.48025974025974,4,71,1136,253,0.0,Low Risk
1610.15,35.781111111111116,2,39,675,38,0.995,High Risk
977.77,17.153859649122808,2,57,509,0,1.0,High Risk
1316.07,16.872692307692308,2,78,953,171,0.0,Low Risk
749.1,17.025000000000002,1,44,418,0,1.0,High Risk
310.05,31.005000000000003,1,10,64,0,1.0,High Risk
223.88,20.35272727272727,1,11,136,0,1.0,High Risk
2362.96,18.605984251968504,3,116,1160,165,0.0,Low Risk
1257.68,30.675121951219513,5,30,417,236,0.005,Low Risk
363.53,21.384117647058822,1,17,80,0,1.0,High Risk
1890.94,21.734942528735633,2,68,1042,200,0.0,Low Risk
1784.71,178.471,1,10,935,0,1.0,High Risk
8137.0199999999995,22.354450549450547,8,213,4085,241,0.0,Low Risk
1621.88,47.70235294117647,3,33,484,73,0.99,High Risk
5900.25,34.707352941176474,12,101,2815,266,0.0,Low Risk
100.9,33.63333333333333,1,3,22,0,1.0,High Risk
290.82,20.77285714285714,2,14,179,58,1.0,High Risk
1101.97,17.491587301587302,6,56,673,196,0.0,Low Risk
371.2,19.53684210526316,1,19,136,0,1.0,High Risk
311.69,15.5845,1,20,311,0,1.0,High Risk
8099.49,58.69195652173913,11,117,3355,304,0.0,Low Risk
285.67,5.2901851851851855,1,54,224,0,1.0,High Risk
294.85,3.8292207792207793,1,75,117,0,1.0,High Risk
58.49,4.8741666666666665,1,12,34,0,1.0,High Risk
483.73,11.79829268292683,3,33,128,98,0.0,Low Risk
695.42,11.786779661016949,4,37,494,232,0.0,Low Risk
221.27,8.195185185185185,2,23,221,162,0.005,Low Risk
7044.68,22.579102564102566,9,195,3708,349,0.0,Low Risk
126.7,25.34,1,5,44,0,1.0,High Risk
1472.34,7.6684375,5,150,1159,173,0.0,Low Risk
206.21,15.862307692307693,1,13,143,0,1.0,High Risk
596.09,7.359135802469136,2,80,363,0,1.0,High Risk
183.02,5.08388888888889,1,35,179,0,1.0,High Risk
463.8,77.3,1,6,140,0,1.0,High Risk
147.59,3.988918918918919,1,37,127,0,1.0,High Risk
1592.06,46.825294117647054,4,24,250,248,0.01,Low Risk
1097.98,7.083741935483871,3,144,639,8,0.995,High Risk
114.77,6.376111111111111,1,18,28,0,1.0,High Risk
1314.45,41.0765625,3,29,369,118,0.005,Low Risk
89.94,5.290588235294117,1,17,37,0,1.0,High Risk
279.94,25.44909090909091,1,11,380,0,1.0,High Risk
790.86,10.984166666666667,7,47,234,269,0.0,Low Risk
1921.3700000000001,8.97836448598131,5,136,523,258,0.0,Low Risk
102.12,12.765,1,8,97,0,1.0,High Risk
202.37,5.188974358974359,2,37,58,161,0.0,Low Risk
292.01,3.5181927710843373,2,78,256,159,0.005,Low Risk
326.4,81.6,2,2,128,349,0.0,Low Risk
334.54,8.3635,1,40,141,0,1.0,High Risk
231.98000000000002,3.866333333333334,2,53,102,241,0.005,Low Risk
546.1999999999999,21.007692307692306,3,25,1120,131,0.0,Low Risk
414.87,5.606351351351352,2,70,258,71,0.99,High Risk
490.52,6.37038961038961,1,76,218,0,0.995,High Risk
1641.76,14.276173913043479,4,94,862,251,0.0,Low Risk
1220.77,7.927077922077922,1,154,623,0,1.0,High Risk
6295.37,5.661303956834533,28,366,4230,350,0.0,Low Risk
480.38,3.639242424242424,1,121,286,0,1.0,High Risk
156.91,13.075833333333334,1,12,69,0,1.0,High Risk
1259.43,6.996833333333334,3,148,639,12,0.995,High Risk
308.94,15.447,1,20,184,0,1.0,High Risk
405.04,3.3200000000000003,2,111,225,319,0.035,Low Risk
257.67,7.808181818181819,2,29,149,133,0.005,Low Risk
170.04,8.501999999999999,1,20,76,0,1.0,High Risk
125.58,6.279,1,20,63,0,1.0,High Risk
496.21,16.006774193548388,3,30,189,329,0.0,Low Risk
252.81,3.8304545454545456,1,64,150,0,1.0,High Risk
1871.77,4.215698198198198,9,288,819,357,0.005,Low Risk
852.39,7.044545454545454,4,96,527,35,1.0,High Risk
6720.41,12.152640144665462,11,348,2827,366,0.0,Low Risk
1636.43,10.765986842105264,10,105,902,357,0.0,Low Risk
361.96,5.402388059701492,1,66,184,0,1.0,High Risk
469.0,7.688524590163935,3,57,285,197,0.01,Low Risk
1066.15,30.461428571428574,4,30,565,207,0.0,Low Risk
627.13,13.065208333333333,4,36,459,360,0.005,Low Risk
518.28,74.03999999999999,2,7,372,196,0.005,Low Risk
653.19,5.93809090909091,4,74,400,277,0.005,Low Risk
4959.1,95.3673076923077,3,31,2968,110,0.005,Low Risk
2557.18,5.104151696606786,10,314,1672,324,0.0,Low Risk
4274.16,10.959384615384614,8,301,2413,338,0.0,Low Risk
252.73000000000002,9.36037037037037,1,26,245,0,1.0,High Risk
429.56,3.609747899159664,3,107,316,107,0.02,Low Risk
685.74,5.48592,6,105,212,311,0.0,Low Risk
19766.59,13.38293161814489,47,417,9131,359,0.0,Low Risk
179.93,2.7262121212121215,1,65,103,0,1.0,High Risk
135.93,27.186,1,5,30,0,1.0,High Risk
537.0,179.0,1,3,300,0,1.0,High Risk
7634.7300000000005,17.19533783783784,17,235,2785,342,0.0,Low Risk
735.66,61.305,2,11,114,105,0.03,Low Risk
5090.42,25.32547263681592,15,147,3372,329,0.0,Low Risk
343.62,15.61909090909091,1,22,222,0,1.0,High Risk
381.0,4.053191489361702,4,86,192,303,0.0,Low Risk
121.17000000000002,40.39000000000001,1,3,63,0,1.0,High Risk
1737.69,22.86434210526316,3,68,1216,46,0.99,High Risk
1383.36,9.741971830985914,3,130,1010,127,0.005,Low Risk
207.73000000000002,7.418928571428572,1,27,79,0,1.0,High Risk
693.95,10.057246376811595,3,49,984,277,0.0,Low Risk
302.1,2.6500000000000004,2,104,198,28,1.0,High Risk
1489.5,59.58,2,25,668,40,1.0,High Risk
2102.54,7.904285714285714,11,199,1054,286,0.0,Low Risk
1337.72,5.644388185654009,9,161,604,293,0.0,Low Risk
294.25,2.5586956521739133,4,81,257,0,0.995,High Risk
54534.14,135.32044665012407,48,72,28920,368,0.0,Low Risk
987.86,17.330877192982456,4,47,763,288,0.0,Low Risk
370.79999999999995,74.16,1,5,56,0,1.0,High Risk
3158.13,20.37503225806452,4,148,1383,253,0.0,Low Risk
893.59,21.275952380952383,1,42,317,0,1.0,High Risk
1744.76,21.277560975609756,3,82,954,204,0.0,Low Risk
553.36,5.320769230769231,2,96,364,210,0.0,Low Risk
1109.53,15.850428571428571,1,70,520,0,1.0,High Risk
106.2,106.2,1,1,36,0,1.0,High Risk
982.07,37.77192307692308,2,25,269,182,0.0,Low Risk
1043.41,19.322407407407407,3,31,491,177,0.0,Low Risk
735.67,17.943170731707315,1,41,431,0,1.0,High Risk
773.03,28.63074074074074,1,27,447,0,1.0,High Risk
880.85,17.976530612244897,1,49,571,0,1.0,High Risk
9743.11,22.14343181818182,32,107,5105,361,0.0,Low Risk
895.61,19.055531914893617,4,46,389,153,0.005,Low Risk
504.8,15.296969696969697,5,26,190,345,0.0,Low Risk
88.2,17.64,1,5,38,0,1.0,High Risk
306.94,20.462666666666667,1,15,470,0,1.0,High Risk
1160.07,20.352105263157895,2,53,460,45,0.99,High Risk
2420.84,16.69544827586207,6,139,1359,118,0.0,Low Risk
381.32,16.57913043478261,1,23,208,0,1.0,High Risk
480.71,16.023666666666667,1,30,346,0,1.0,High Risk
457.81,17.608076923076922,2,23,135,68,1.0,High Risk
4597.02,42.565000000000005,6,52,3760,353,0.0,Low Risk
1370.6,29.161702127659574,4,30,1079,99,0.0,Low Risk
219.39000000000001,19.944545454545455,1,11,120,0,1.0,High Risk
248.08,9.923200000000001,1,25,170,0,1.0,High Risk
39916.5,13305.5,3,2,121,0,0.99,High Risk
410.48,17.84695652173913,1,23,343,0,1.0,High Risk
876.0,292.0,3,1,80,40,0.99,High Risk
317.53000000000003,39.691250000000004,2,8,241,350,0.0,Low Risk
703.36,20.096,2,35,329,55,0.995,High Risk
993.54,14.828955223880596,2,66,635,85,0.975,High Risk
2298.93,22.76168316831683,7,90,1211,116,0.0,Low Risk
1422.52,14.2252,5,90,1181,251,0.0,Low Risk
319.5,19.96875,6,12,169,61,0.99,High Risk
1300.25,21.670833333333334,4,50,499,85,0.99,High Risk
484.95,17.319642857142856,1,28,131,0,1.0,High Risk
996.1,28.46,4,18,246,294,0.0,Low Risk
1567.48,18.660476190476192,3,70,710,343,0.0,Low Risk
3509.43,36.179690721649486,3,77,2344,44,0.985,High Risk
2760.56,14.012994923857867,10,136,3096,271,0.005,Low Risk
340.11,16.195714285714285,1,21,157,0,1.0,High Risk
1352.75,30.06111111111111,4,37,648,187,0.0,Low Risk
1551.78,19.64278481012658,5,66,1948,200,0.005,Low Risk
244.8,244.8,1,1,1440,0,1.0,High Risk
266.4,19.02857142857143,1,14,88,0,1.0,High Risk
358.82,17.086666666666666,1,21,296,0,1.0,High Risk
457.71999999999997,16.347142857142856,2,28,199,238,0.01,Low Risk
1633.78,19.924146341463413,3,65,800,183,0.0,Low Risk
2199.31,20.748207547169812,2,93,1195,198,0.005,Low Risk
184.19,12.279333333333334,2,14,233,169,0.0,Low Risk
11528.48,90.77543307086614,15,103,6193,245,0.0,Low Risk
406.53,25.408125,1,16,251,0,1.0,High Risk
1471.0,14.42156862745098,4,75,1343,159,0.0,Low Risk
3447.4,41.04047619047619,11,54,1794,241,0.005,Low Risk
330.11,15.005,1,22,197,0,1.0,High Risk
977.9300000000001,18.806346153846157,5,49,679,244,0.0,Low Risk
982.42,33.87655172413793,3,27,680,174,0.0,Low Risk
1387.99,19.013561643835615,8,46,887,225,0.0,Low Risk
139.05,15.450000000000001,1,9,43,0,1.0,High Risk
1286.7,18.92205882352941,4,61,776,93,0.01,Low Risk
178.96,13.766153846153847,2,13,208,96,0.0,Low Risk
2354.25,29.428125,7,74,1572,211,0.0,Low Risk
498.74,19.182307692307692,1,26,365,0,1.0,High Risk
259.45,18.532142857142855,1,14,150,0,1.0,High Risk
6580.44,30.324608294930872,17,133,3050,304,0.0,Low Risk
1194.73,17.83179104477612,4,54,756,244,0.0,Low Risk
1327.16,14.584175824175825,2,90,1473,126,0.005,Low Risk
623.5,22.267857142857142,1,28,366,0,1.0,High Risk
301.29,15.0645,1,20,187,0,1.0,High Risk
520.8000000000001,22.643478260869568,1,23,128,0,1.0,High Risk
5291.33,15.517096774193549,10,283,3642,251,0.0,Low Risk
4745.69,17.511771217712177,13,196,2704,177,0.0,Low Risk
329.25,14.965909090909092,1,22,198,0,1.0,High Risk
254.28,3.581408450704225,1,66,89,0,1.0,High Risk
961.49,17.481636363636365,3,51,597,32,0.98,High Risk
1936.07,15.48856,3,125,2392,354,0.005,Low Risk
401.40000000000003,57.34285714285715,1,7,198,0,1.0,High Risk
18641.01,26.25494366197183,30,368,11441,359,0.0,Low Risk
158.16,39.54,1,4,84,0,1.0,High Risk
304.47,10.49896551724138,2,29,186,173,0.005,Low Risk
824.58,8.164158415841584,3,79,351,270,0.0,Low Risk
487.75,18.064814814814813,1,27,160,0,1.0,High Risk
158.8,4.071794871794872,1,39,65,0,1.0,High Risk
106.56,21.312,1,5,52,0,1.0,High Risk
1289.5,257.9,1,5,290,0,1.0,High Risk
1624.05,14.764090909090909,5,106,1611,227,0.0,Low Risk
135.75,12.340909090909092,1,11,145,0,1.0,High Risk
224.14,9.745217391304347,1,23,454,0,1.0,High Risk
40.5,13.5,1,3,30,0,1.0,High Risk
2206.95,23.73064516129032,5,91,1938,300,0.0,Low Risk
87.5,14.583333333333334,1,6,36,0,1.0,High Risk
689.48,43.0925,3,11,544,203,0.005,Low Risk
622.85,21.477586206896554,2,24,253,114,0.0,Low Risk
402.2,6.487096774193549,2,58,199,161,0.0,Low Risk
310.62,14.791428571428572,1,21,666,0,1.0,High Risk
411.41,21.653157894736843,2,17,215,154,0.0,Low Risk
4777.18,52.49648351648352,16,64,1887,210,0.0,Low Risk
16225.39,76.53485849056604,41,82,6149,331,0.0,Low Risk
1044.32,20.47686274509804,3,36,918,245,0.0,Low Risk
499.32,26.28,1,19,144,0,1.0,High Risk
7616.53,24.569451612903226,15,209,5703,365,0.0,Low Risk
3861.0,3861.0,1,1,1404,0,0.995,High Risk
1079.61,33.7378125,3,30,469,347,0.0,Low Risk
193.64,19.363999999999997,2,10,120,31,1.0,High Risk
1268.7,97.5923076923077,4,5,396,249,0.0,Low Risk
1236.54,17.92086956521739,5,36,1210,160,0.005,Low Risk
1827.8,12.871830985915492,6,84,1753,285,0.0,Low Risk
316.58,35.175555555555555,1,9,258,0,1.0,High Risk
653.24,17.655135135135136,2,37,378,42,0.995,High Risk
420.3,46.7,4,3,162,265,0.0,Low Risk
870.12,20.717142857142857,5,25,316,352,0.0,Low Risk
331.18,16.559,1,20,228,0,1.0,High Risk
894.4100000000001,17.20019230769231,2,52,240,304,0.005,Low Risk
101.8,20.36,1,5,36,0,1.0,High Risk
328.35,13.68125,2,22,272,11,0.99,High Risk
1661.44,15.104000000000001,8,109,1254,241,0.0,Low Risk
734.94,20.998285714285714,3,33,225,49,0.995,High Risk
96.6,48.3,1,2,28,0,1.0,High Risk
5756.89,34.680060240963854,11,78,3329,308,0.0,Low Risk
305.75,33.97222222222222,1,9,45,0,1.0,High Risk
1778.96,15.204786324786324,6,110,1393,229,0.0,Low Risk
403.25,80.65,1,5,43,0,1.0,High Risk
585.0,117.0,1,5,440,0,0.995,High Risk
755.75,37.7875,2,14,213,23,0.995,High Risk
322.08,23.005714285714284,2,13,152,4,1.0,High Risk
409.40000000000003,17.8,1,23,226,0,1.0,High Risk
154.41,19.30125,1,8,71,0,1.0,High Risk
1219.4,21.024137931034485,5,43,750,280,0.0,Low Risk
3386.71,27.09368,4,110,2255,228,0.0,Low Risk
429.6,18.678260869565218,2,23,351,1,1.0,High Risk
612.06,19.743870967741934,2,26,686,27,0.985,High Risk
197.0,14.071428571428571,1,14,196,0,1.0,High Risk
2247.51,15.716853146853149,12,130,1324,155,0.0,Low Risk
321.05,21.403333333333332,1,15,269,0,1.0,High Risk
1412.32,14.265858585858584,4,94,1071,225,0.0,Low Risk
1071.99,21.4398,3,49,692,154,0.0,Low Risk
780.59,15.930408163265307,2,48,594,68,0.99,High Risk
1706.57,21.879102564102563,5,58,1369,267,0.0,Low Risk
1756.44,15.967636363636364,8,82,1818,216,0.0,Low Risk
316.68,14.394545454545455,1,22,185,0,1.0,High Risk
631.57,18.57558823529412,2,31,405,182,0.01,Low Risk
2515.84,28.267865168539327,3,55,1784,127,0.0,Low Risk
514.15,15.58030303030303,2,32,247,120,0.01,Low Risk
356.0,59.333333333333336,1,6,160,0,1.0,High Risk
6688.46,19.109885714285713,13,212,3577,224,0.0,Low Risk
10484.99,94.45936936936937,11,97,6171,232,0.0,Low Risk
740.78,16.83590909090909,2,44,522,146,0.0,Low Risk
918.1999999999999,17.32452830188679,5,52,866,153,0.0,Low Risk
300.36,16.686666666666667,1,18,275,0,1.0,High Risk
890.85,18.95425531914894,1,47,489,0,1.0,High Risk
98.45,16.408333333333335,1,6,55,0,1.0,High Risk
317.15,45.30714285714286,1,7,46,0,1.0,High Risk
623.16,18.328235294117647,2,32,142,48,1.0,High Risk
1810.77,23.516493506493507,7,62,885,272,0.0,Low Risk
254.82,13.41157894736842,1,19,270,0,1.0,High Risk
178.95000000000002,17.895000000000003,1,10,73,0,0.995,High Risk
156.51,13.042499999999999,1,12,89,0,1.0,High Risk
393.74,17.11913043478261,1,23,265,0,1.0,High Risk
1506.12,18.36731707317073,2,76,612,84,0.995,High Risk
119.3,19.883333333333333,1,6,18,0,1.0,High Risk
1717.36,156.12363636363636,5,8,944,160,0.0,Low Risk
408.8,204.4,1,2,26,0,1.0,High Risk
2379.49,58.03634146341463,7,22,1521,294,0.005,Low Risk
2493.34,9.444469696969698,15,185,1251,358,0.0,Low Risk
721.94,11.45936507936508,2,63,310,28,0.99,High Risk
716.57,15.246170212765959,2,44,619,14,0.995,High Risk
615.14,15.003414634146342,1,41,498,0,1.0,High Risk
128.63,2.6251020408163264,1,49,61,0,1.0,High Risk
255.89999999999998,21.325,1,12,205,0,1.0,High Risk
290.51,15.29,1,19,189,0,1.0,High Risk
113.12,7.07,1,16,154,0,1.0,High Risk
2332.15,16.778057553956835,9,121,1211,274,0.0,Low Risk
240.55,80.18333333333334,1,3,55,0,1.0,High Risk
486.69,24.3345,2,17,433,48,0.995,High Risk
2306.52,26.210454545454546,5,80,775,322,0.0,Low Risk
939.78,16.20310344827586,3,43,1008,220,0.005,Low Risk
7943.22,38.93735294117647,18,94,4501,354,0.0,Low Risk
4668.3,45.32330097087379,15,62,2103,348,0.0,Low Risk
178.39,7.432916666666666,1,23,55,0,1.0,High Risk
3672.86,18.932268041237116,6,139,1766,275,0.0,Low Risk
641.94,16.46,3,30,292,53,0.985,High Risk
4799.9,24.999479166666664,12,118,3116,364,0.005,Low Risk
4507.01,643.8585714285715,7,7,2948,304,0.005,Low Risk
496.44,17.73,1,28,292,0,1.0,High Risk
5049.95,20.867561983471074,12,167,2751,317,0.0,Low Risk
574.02,18.516774193548386,1,31,248,0,1.0,High Risk
694.4,30.191304347826087,8,8,104,307,0.015,Low Risk
1174.35,20.247413793103448,3,57,810,83,0.98,High Risk
205.3,17.108333333333334,1,12,37,0,1.0,High Risk
310.47,16.340526315789475,1,19,175,0,1.0,High Risk
60632.75,25.626690617075234,91,576,38147,373,0.0,Low Risk
924.85,19.677659574468084,4,42,516,279,0.0,Low Risk
52.0,52.0,1,1,25,0,1.0,High Risk
327.96999999999997,13.665416666666665,1,24,313,0,1.0,High Risk
570.5,15.41891891891892,2,35,862,51,0.97,High Risk
165.0,165.0,1,1,100,0,1.0,High Risk
312.62,9.473333333333333,1,33,642,0,1.0,High Risk
204.5,12.78125,1,16,175,0,1.0,High Risk
267.13,7.420277777777778,1,36,326,0,1.0,High Risk
2748.31,28.92957894736842,3,84,1181,220,0.0,Low Risk
679.68,16.18285714285714,1,42,416,0,1.0,High Risk
161.74,3.3695833333333334,1,47,231,0,1.0,High Risk
311.71,10.748620689655171,1,29,386,0,1.0,High Risk
208.75,20.875,1,10,116,0,1.0,High Risk
1049.7,18.41578947368421,3,52,486,132,0.0,Low Risk
714.9599999999999,54.99692307692307,2,10,1312,28,1.0,High Risk
1661.06,47.45885714285714,4,29,652,3,1.0,High Risk
1028.56,64.285,1,16,344,0,1.0,High Risk
350.82,3.579795918367347,3,67,273,16,1.0,High Risk
170.22,4.863428571428571,1,34,79,0,1.0,High Risk
574.07,6.675232558139536,2,77,416,251,0.015,Low Risk
2020.52,118.85411764705883,1,17,812,0,1.0,High Risk
406.09,16.920416666666664,1,24,283,0,1.0,High Risk
364.5,17.357142857142858,1,21,84,0,1.0,High Risk
563.94,21.69,3,21,116,73,0.99,High Risk
393.54,19.677,1,20,81,0,1.0,High Risk
252.42000000000002,14.848235294117648,1,17,144,0,1.0,High Risk
201.60000000000002,40.32000000000001,1,5,130,0,1.0,High Risk
158.04,17.56,1,9,84,0,1.0,High Risk
463.91,6.533943661971831,2,66,321,29,0.995,High Risk
115.65,23.130000000000003,1,5,51,0,1.0,High Risk
1934.66,8.83406392694064,7,160,742,357,0.0,Low Risk
770.12,12.624918032786885,2,59,341,113,0.01,Low Risk
277.05,19.789285714285715,2,9,45,23,0.995,High Risk
2718.03,5.446953907815631,10,217,1643,336,0.0,Low Risk
8347.2,15.149183303085302,22,302,7050,360,0.0,Low Risk
427.93,32.917692307692306,1,13,223,0,1.0,High Risk
418.92,59.84571428571429,1,7,336,0,1.0,High Risk
326.0,20.375,1,16,144,0,1.0,High Risk
913.19,31.489310344827587,2,29,493,158,0.0,Low Risk
2314.32,20.301052631578948,7,65,1084,289,0.0,Low Risk
602.51,13.69340909090909,2,37,621,282,0.0,Low Risk
1877.59,19.764105263157894,4,91,1057,218,0.0,Low Risk
446.94000000000005,111.73500000000001,1,4,230,0,1.0,High Risk
2386.05,25.383510638297874,7,65,830,291,0.0,Low Risk
2007.4,74.34814814814816,1,27,2924,0,1.0,High Risk
2415.91,18.302348484848483,12,75,500,363,0.0,Low Risk
168.0,56.0,1,3,126,0,1.0,High Risk
1221.56,10.530689655172413,3,100,615,182,0.0,Low Risk
3703.29,19.089123711340207,7,146,2305,189,0.0,Low Risk
1690.26,46.95166666666667,5,22,376,356,0.0,Low Risk
596.85,74.60625,2,8,171,54,0.98,High Risk
5955.71,19.7208940397351,6,200,4012,280,0.0,Low Risk
642.41,15.668536585365853,2,34,596,189,0.005,Low Risk
316.88,26.406666666666666,1,12,161,0,1.0,High Risk
394.14,12.714193548387096,1,31,446,0,1.0,High Risk
140.54,14.053999999999998,1,10,88,0,1.0,High Risk
500.0,500.0,1,1,400,0,1.0,High Risk
1535.53,18.280119047619046,4,74,1277,355,0.0,Low Risk
231.86,19.32166666666667,2,10,150,264,0.01,Low Risk
2183.54,25.68870588235294,4,56,910,348,0.0,Low Risk
107.45,15.35,1,7,17,0,1.0,High Risk
288.18,20.584285714285716,1,14,122,0,1.0,High Risk
94.0,15.666666666666666,1,6,20,0,1.0,High Risk
1345.53,18.43191780821918,2,60,769,62,0.995,High Risk
815.77,16.3154,3,45,611,77,1.0,High Risk
716.2,59.68333333333334,5,10,390,186,0.005,Low Risk
626.77,14.923095238095238,2,35,694,47,0.98,High Risk
349.1,43.6375,1,8,193,0,1.0,High Risk
510.71000000000004,9.636037735849058,2,51,254,269,0.005,Low Risk
1046.74,7.072567567567567,4,142,552,271,0.0,Low Risk
267.18,7.858235294117647,1,34,106,0,1.0,High Risk
3450.84,28.285573770491805,8,48,1200,177,0.0,Low Risk
1348.93,13.764591836734695,4,86,529,156,0.0,Low Risk
190.53,19.053,1,10,108,0,1.0,High Risk
774.9,19.869230769230768,3,37,443,232,0.005,Low Risk
559.61,11.906595744680851,1,46,551,0,1.0,High Risk
3984.32,20.75166666666667,4,165,2090,218,0.0,Low Risk
508.8,18.17142857142857,1,28,284,0,1.0,High Risk
135.86,16.9825,1,8,230,0,1.0,High Risk
950.36,17.93132075471698,4,42,500,251,0.0,Low Risk
97.7,16.283333333333335,2,6,38,0,1.0,High Risk
43.5,21.75,1,2,101,0,1.0,High Risk
383.34,22.54941176470588,2,17,554,0,1.0,High Risk
1404.07,5.105709090909091,5,219,656,350,0.0,Low Risk
1430.54,4.899109589041096,3,233,967,13,0.995,High Risk
93.78,15.63,1,6,102,0,1.0,High Risk
397.35,4.845731707317073,2,77,380,48,1.0,High Risk
171.19000000000003,17.119000000000003,1,10,65,0,1.0,High Risk
533.3,13.00731707317073,2,40,534,53,0.97,High Risk
1041.48,18.936,5,40,647,191,0.0,Low Risk
149.29,5.147931034482759,1,29,54,0,1.0,High Risk
1067.75,3.6692439862542954,3,244,574,221,0.015,Low Risk
200.16,4.4479999999999995,1,44,79,0,1.0,High Risk
156.57999999999998,6.263199999999999,1,25,59,0,1.0,High Risk
383.68,6.188387096774194,3,50,197,154,0.0,Low Risk
594.0,297.0,1,2,120,0,1.0,High Risk
3213.59,8.638682795698925,7,238,1639,318,0.0,Low Risk
1411.21,6.594439252336449,2,191,759,31,0.995,High Risk
113.5,22.7,1,5,58,0,1.0,High Risk
155.17,17.24111111111111,1,9,85,0,1.0,High Risk
494.64,17.665714285714284,1,28,232,0,1.0,High Risk
974.52,16.242,3,47,812,235,0.0,Low Risk
429.84,14.328,1,30,376,0,1.0,High Risk
528.48,9.437142857142858,3,46,280,234,0.005,Low Risk
1371.77,4.91673835125448,7,170,837,185,0.0,Low Risk
179.1,7.164,1,23,86,0,1.0,High Risk
434.59,7.492931034482758,3,48,633,75,1.0,High Risk
237.07,4.087413793103448,1,56,132,0,1.0,High Risk
161.64,23.09142857142857,1,7,156,0,1.0,High Risk
214.26,3.8260714285714283,1,53,107,0,1.0,High Risk
234.6,21.327272727272728,3,9,172,92,0.0,Low Risk
126.14,18.02,1,7,106,0,1.0,High Risk
1044.65,6.739677419354839,1,154,348,0,1.0,High Risk
7354.62,75.82082474226804,18,43,1257,349,0.0,Low Risk
334.53,5.868947368421052,1,56,246,0,1.0,High Risk
524.88,10.093846153846155,3,41,310,142,0.0,Low Risk
467.51,19.479583333333334,2,24,155,0,1.0,High Risk
538.55,22.43958333333333,2,24,153,69,0.99,High Risk
454.48,6.225753424657534,1,67,256,0,1.0,High Risk
371.56,4.888947368421053,1,76,251,0,1.0,High Risk
1771.2,161.01818181818183,7,4,672,46,0.98,High Risk
454.11,15.65896551724138,1,29,319,0,1.0,High Risk
1399.92,31.816363636363636,2,34,575,16,1.0,High Risk
905.5,20.122222222222224,1,45,303,0,1.0,High Risk
10879.76,112.16247422680412,12,47,5004,343,0.0,Low Risk
225.26,2.6816666666666666,4,74,291,105,0.01,Low Risk
3590.41,19.200053475935828,4,135,3150,77,1.0,High Risk
2564.5,30.17058823529412,3,59,1281,343,0.0,Low Risk
91.32000000000001,45.660000000000004,1,2,73,0,1.0,High Risk
1134.28,22.6856,3,47,608,188,0.0,Low Risk
3100.09,20.130454545454548,6,109,1646,140,0.0,Low Risk
659.4599999999999,18.841714285714282,2,32,483,46,0.995,High Risk
1953.41,6.7592041522491355,5,176,551,238,0.0,Low Risk
1280.58,10.49655737704918,2,120,1139,99,0.02,Low Risk
1262.2,84.14666666666668,2,14,624,302,0.005,Low Risk
13316.4,26.00859375,27,363,6105,364,0.0,Low Risk
1131.56,16.640588235294118,4,64,572,73,0.99,High Risk
10384.93,48.75553990610329,12,167,4236,353,0.0,Low Risk
141.04,2.1369696969696967,1,66,70,0,0.99,High Risk
52.83,4.063846153846153,1,13,33,0,1.0,High Risk
3610.96,37.22639175257732,5,90,2390,102,0.005,Low Risk
972.08,6.03776397515528,3,121,842,116,0.02,Low Risk
475.86,10.574666666666667,1,41,160,0,1.0,High Risk
1000.27,10.8725,6,78,440,46,0.985,High Risk
250.0,250.0,1,1,2,0,1.0,High Risk
900.53,5.699556962025317,5,117,269,73,0.99,High Risk
121.0,17.285714285714285,2,7,68,203,0.05,Low Risk
14758.22,47.9162987012987,19,190,5709,340,0.0,Low Risk
4023.7200000000003,24.239277108433736,11,96,2098,352,0.0,Low Risk
62.43,4.162,3,15,27,1,0.98,High Risk
267.03,9.889999999999999,1,27,293,0,1.0,High Risk
1921.55,9.150238095238095,8,137,1263,268,0.0,Low Risk
343.5,19.083333333333332,1,18,314,0,1.0,High Risk
3000.2,16.217297297297296,8,119,1836,214,0.0,Low Risk
397.99,7.106964285714286,2,47,572,54,1.0,High Risk
412.01000000000005,41.20100000000001,1,10,132,0,1.0,High Risk
440.0,440.0,1,1,4,0,1.0,High Risk
734.37,4.7075000000000005,3,133,387,371,0.005,Low Risk
148.44,37.11,2,4,24,0,0.99,High Risk
2428.53,14.990925925925927,8,129,991,335,0.0,Low Risk
229.33,8.820384615384615,1,26,123,0,1.0,High Risk
3962.6,5.985800604229607,11,423,3455,343,0.0,Low Risk
1497.31,13.993551401869158,4,91,938,225,0.0,Low Risk
1972.39,9.00634703196347,2,196,1085,22,0.985,High Risk
1564.73,6.23398406374502,4,208,515,332,0.0,Low Risk
807.57,9.729759036144578,3,73,289,69,0.995,High Risk
502.9,6.984722222222222,4,55,135,154,0.0,Low Risk
110.92,4.621666666666667,1,24,29,0,1.0,High Risk
538.46,13.133170731707319,1,41,410,0,1.0,High Risk
213.3,14.22,1,15,200,0,1.0,High Risk
85.13000000000001,2.9355172413793107,1,29,49,0,1.0,High Risk
127.86,4.566428571428571,1,26,86,0,1.0,High Risk
3546.71,13.693861003861004,9,127,3109,363,0.0,Low Risk
288.96999999999997,3.612125,2,78,162,316,0.005,Low Risk
4910.6,7.065611510791367,14,441,3999,354,0.0,Low Risk
1681.46,14.749649122807018,3,104,694,239,0.005,Low Risk
575.63,9.43655737704918,4,44,295,297,0.005,Low Risk
436.06,15.036551724137931,1,29,218,0,1.0,High Risk
90.12,5.301176470588236,1,17,60,0,1.0,High Risk
428.93,7.798727272727273,1,51,449,0,1.0,High Risk
217.2,15.514285714285714,1,14,74,0,1.0,High Risk
4794.86,5.4057046223224345,16,406,4427,357,0.0,Low Risk
279.77,9.024838709677418,1,31,236,0,1.0,High Risk
468.91,24.679473684210528,1,16,213,0,1.0,High Risk
800.5899999999999,29.65148148148148,4,27,267,203,0.0,Low Risk
134.55,134.55,1,1,39,0,1.0,High Risk
1400.44,12.393274336283186,4,88,1501,336,0.0,Low Risk
173.16000000000003,21.645000000000003,2,8,60,20,0.99,High Risk
186.01,26.572857142857142,1,7,223,0,1.0,High Risk
758.29,14.307358490566036,3,27,461,70,0.99,High Risk
1375.71,44.377741935483876,5,27,666,228,0.0,Low Risk
4148.82,13.005705329153605,12,233,2063,362,0.0,Low Risk
650.4300000000001,11.411052631578949,4,47,264,66,0.99,High Risk
2533.42,11.950094339622641,7,166,1213,273,0.0,Low Risk
591.1899999999999,6.094742268041236,2,88,355,53,0.99,High Risk
675.64,4.445,4,131,332,194,0.0,Low Risk
921.37,21.427209302325583,1,43,394,0,1.0,High Risk
258.88,6.637948717948718,3,39,89,154,0.01,Low Risk
127.1,9.776923076923076,1,13,52,0,1.0,High Risk
327.6,6.825,2,45,117,245,0.0,Low Risk
3675.77,25.176506849315068,13,134,283,245,0.005,Low Risk
682.9100000000001,15.52068181818182,3,39,453,195,0.0,Low Risk
720.86,5.908688524590164,4,88,313,138,0.005,Low Risk
455.3,14.687096774193549,1,31,320,0,1.0,High Risk
913.68,101.52,4,3,312,301,0.01,Low Risk
478.53,16.50103448275862,3,28,243,54,1.0,High Risk
388.58,16.190833333333334,1,24,354,0,1.0,High Risk
199.8,39.96,1,5,60,0,1.0,High Risk
1771.78,17.201747572815535,5,85,983,218,0.0,Low Risk
1406.59,18.267402597402597,5,51,561,264,0.0,Low Risk
324.57,14.753181818181817,1,22,279,0,1.0,High Risk
240.68,17.19142857142857,1,14,160,0,1.0,High Risk
761.74,14.648846153846154,2,50,718,177,0.01,Low Risk
6776.56,16.52819512195122,14,230,4983,361,0.0,Low Risk
1297.8700000000001,28.214565217391307,9,31,1137,359,0.0,Low Risk
48.480000000000004,24.240000000000002,1,2,96,0,1.0,High Risk
216.39,12.728823529411764,1,17,159,0,1.0,High Risk
1198.23,17.88402985074627,5,61,441,337,0.0,Low Risk
2920.16,37.92415584415584,9,48,892,263,0.0,Low Risk
104.76,8.05846153846154,1,13,202,0,1.0,High Risk
1093.68,18.228,4,59,714,92,0.015,Low Risk
298.48,18.655,1,16,148,0,1.0,High Risk
112.46000000000001,18.743333333333336,1,6,66,0,1.0,High Risk
1591.45,37.01046511627907,13,23,504,325,0.0,Low Risk
195.15,32.525,2,4,52,25,0.995,High Risk
10399.74,24.585673758865248,23,187,5508,348,0.0,Low Risk
776.851,17.263355555555556,4,39,454,103,0.0,Low Risk
336.4,112.13333333333333,1,3,136,0,1.0,High Risk
1553.18,15.5318,3,92,915,301,0.005,Low Risk
1293.03,80.814375,4,12,501,17,0.99,High Risk
3709.56,20.051675675675675,9,170,1674,239,0.0,Low Risk
301.03,15.843684210526314,1,19,125,0,1.0,High Risk
588.13,17.297941176470587,4,26,357,139,0.0,Low Risk
1534.26,23.9728125,4,44,1188,131,0.0,Low Risk
675.8,13.791836734693877,2,49,766,254,0.01,Low Risk
2870.2400000000002,18.51767741935484,9,85,1894,362,0.0,Low Risk
1186.35,19.772499999999997,2,57,800,159,0.005,Low Risk
3285.31,19.67251497005988,8,107,2109,259,0.0,Low Risk
243.55,16.236666666666668,1,15,99,0,1.0,High Risk
724.76,28.9904,2,21,284,192,0.0,Low Risk
223.36,14.890666666666668,1,15,128,0,1.0,High Risk
425.32,17.0128,1,25,323,0,1.0,High Risk
12416.11,26.084264705882354,15,242,6572,367,0.0,Low Risk
1887.2,15.858823529411765,4,101,1562,253,0.005,Low Risk
664.0,20.12121212121212,3,31,246,90,0.045,Low Risk
803.54,3.4635344827586207,4,166,550,94,0.01,Low Risk
612.01,11.769423076923077,1,50,256,0,1.0,High Risk
447.64000000000004,12.789714285714288,3,35,394,214,0.0,Low Risk
639.5,26.645833333333332,2,23,218,62,1.0,High Risk
816.0,408.0,2,1,192,31,0.99,High Risk
646.3,20.196875,3,27,479,223,0.005,Low Risk
337.74,16.082857142857144,1,21,208,0,1.0,High Risk
877.44,146.24,2,4,1200,23,0.99,High Risk
922.53,43.93,2,15,475,16,1.0,High Risk
560.6700000000001,16.49029411764706,1,34,324,0,1.0,High Risk
748.5,15.925531914893616,4,46,343,238,0.0,Low Risk
30.0,30.0,1,1,24,0,1.0,High Risk
1024.1000000000001,21.33541666666667,5,40,242,182,0.0,Low Risk
306.45,27.85909090909091,1,11,111,0,1.0,High Risk
1600.86,17.787333333333333,9,58,1050,340,0.0,Low Risk
309.8,61.96,2,4,236,21,0.98,High Risk
138.14,15.348888888888887,1,9,106,0,1.0,High Risk
386.43,22.731176470588235,1,17,157,0,1.0,High Risk
2222.21,19.323565217391305,2,92,1654,74,0.99,High Risk
301.32,23.178461538461537,1,13,240,0,1.0,High Risk
76.32000000000001,76.32000000000001,1,1,72,0,1.0,High Risk
684.34,20.737575757575758,4,31,342,223,0.0,Low Risk
173.05,14.420833333333334,1,12,91,0,1.0,High Risk
2657.13,34.065769230769234,7,52,1699,252,0.0,Low Risk
2726.23,19.755289855072466,4,108,1451,238,0.0,Low Risk
2446.6,21.46140350877193,5,88,1275,181,0.0,Low Risk
323.69,15.413809523809524,3,20,527,198,0.015,Low Risk
3435.76,17.00871287128713,3,190,2252,265,0.005,Low Risk
657.23,19.916060606060608,1,33,319,0,1.0,High Risk
352.7,29.391666666666666,1,12,184,0,1.0,High Risk
781.28,7.102545454545455,4,98,1170,158,0.0,Low Risk
1333.68,17.09846153846154,3,62,952,356,0.0,Low Risk
1426.16,26.90867924528302,5,32,816,255,0.0,Low Risk
193.75,19.375,1,10,131,0,1.0,High Risk
2993.1,18.030722891566263,9,120,1310,321,0.0,Low Risk
254.1,28.233333333333334,2,8,84,241,0.005,Low Risk
239.76,12.618947368421052,2,19,408,96,0.02,Low Risk
136.8,68.4,1,2,72,0,1.0,High Risk
191.04,15.92,1,12,138,0,1.0,High Risk
6479.4,83.06923076923077,14,42,1677,372,0.0,Low Risk
409.98,18.635454545454547,2,22,212,0,1.0,High Risk
2711.11,16.137559523809525,8,141,1015,293,0.0,Low Risk
309.65,17.202777777777776,1,18,113,0,1.0,High Risk
696.68,8.10093023255814,2,85,357,1,1.0,High Risk
1529.0,6.647826086956521,4,193,912,108,0.005,Low Risk
211.5,42.3,1,5,66,0,1.0,High Risk
2293.62,19.603589743589744,4,79,1028,75,1.0,High Risk
143.1,23.849999999999998,1,6,62,0,1.0,High Risk
1060.56,19.28290909090909,4,50,321,52,1.0,High Risk
916.98,4.473073170731707,4,127,594,51,0.99,High Risk
3235.25,11.8507326007326,7,125,1217,328,0.0,Low Risk
133.25,22.208333333333332,1,6,121,0,1.0,High Risk
1072.36,20.23320754716981,5,41,486,278,0.0,Low Risk
356.7,18.773684210526316,2,18,150,222,0.005,Low Risk
330.03000000000003,9.706764705882353,2,34,186,66,1.0,High Risk
1101.11,9.411196581196581,4,101,738,223,0.0,Low Risk
150.3,21.47142857142857,1,7,70,0,1.0,High Risk
5030.07,5.402867883995703,13,307,2718,304,0.0,Low Risk
598.73,4.677578125,1,128,281,0,1.0,High Risk
471.40000000000003,5.611904761904762,1,80,388,0,1.0,High Risk
2211.21,33.00313432835821,5,45,1023,254,0.0,Low Risk
190.70000000000002,5.018421052631579,1,37,73,0,1.0,High Risk
218.25,19.84090909090909,2,11,73,83,0.985,High Risk
415.25,12.9765625,1,32,221,0,1.0,High Risk
5159.06,17.139734219269105,7,216,3063,342,0.0,Low Risk
85.0,17.0,1,5,28,0,1.0,High Risk
1120.88,16.01257142857143,3,68,689,140,0.01,Low Risk
294.12,21.00857142857143,2,13,215,159,0.0,Low Risk
162.3,16.23,1,10,62,0,1.0,High Risk
1339.45,51.517307692307696,2,25,346,85,0.99,High Risk
1188.12,16.73408450704225,8,60,597,228,0.0,Low Risk
4812.42,27.817456647398846,16,48,2982,353,0.0,Low Risk
449.12,56.14,1,8,472,0,1.0,High Risk
154.88,17.20888888888889,1,9,152,0,1.0,High Risk
775.96,9.022790697674418,4,59,214,168,0.0,Low Risk
34.8,11.6,1,3,120,0,1.0,High Risk
1094.59,17.654677419354837,4,57,421,217,0.0,Low Risk
196.88,7.031428571428571,1,28,178,0,1.0,High Risk
946.64,10.518222222222223,3,53,466,160,0.0,Low Risk
144.36,7.218000000000001,1,19,50,0,1.0,High Risk
44534.3,4453.43,3,5,18028,97,0.015,Low Risk
2463.05,8.464089347079039,8,215,1783,364,0.0,Low Risk
2626.6,6.485432098765432,7,236,1960,333,0.0,Low Risk
79.2,79.2,1,1,144,0,1.0,High Risk
458.57,16.3775,3,24,199,195,0.0,Low Risk
2364.25,16.7677304964539,6,127,1427,284,0.0,Low Risk
528.01,2.764450261780105,4,160,241,187,0.005,Low Risk
714.42,15.876,2,43,491,152,0.0,Low Risk
205.25,22.805555555555557,1,9,47,0,1.0,High Risk
253.04,36.14857142857143,3,5,60,139,0.0,Low Risk
583.75,15.777027027027026,2,37,251,12,0.99,High Risk
1086.92,17.818360655737706,2,58,271,45,0.985,High Risk
3279.97,18.222055555555553,6,150,2050,188,0.0,Low Risk
315.06,28.64181818181818,1,11,170,0,1.0,High Risk
621.8299999999999,23.03074074074074,3,23,244,110,0.0,Low Risk
56252.72,432.7132307692308,26,29,29672,363,0.0,Low Risk
635.6800000000001,63.568000000000005,1,10,311,0,1.0,High Risk
270.8,10.832,1,25,87,0,1.0,High Risk
104.9,14.985714285714286,1,7,68,0,1.0,High Risk
241.62,13.423333333333334,1,18,138,0,1.0,High Risk
1047.11,49.862380952380946,4,18,378,120,0.01,Low Risk
475.28000000000003,16.38896551724138,3,26,220,174,0.0,Low Risk
345.46,17.273,3,20,180,280,0.0,Low Risk
2614.74,60.80790697674418,3,34,864,79,1.0,High Risk
246.3,17.592857142857145,1,14,212,0,1.0,High Risk
2328.9700000000003,28.059879518072293,5,60,1612,262,0.0,Low Risk
4919.0,18.492481203007518,3,257,3340,68,0.98,High Risk
933.26,4.6663,3,157,534,35,0.975,High Risk
351.3,14.052,1,25,438,0,1.0,High Risk
218.75,6.4338235294117645,1,34,113,0,1.0,High Risk
1612.69,21.502533333333336,2,67,731,160,0.0,Low Risk
965.61,80.4675,3,7,553,253,0.0,Low Risk
610.01,14.524047619047618,1,42,581,0,1.0,High Risk
2708.61,20.519772727272727,8,70,860,301,0.0,Low Risk
2207.4,275.925,4,8,873,206,0.0,Low Risk
884.14,9.021836734693878,3,94,955,258,0.005,Low Risk
696.89,5.956324786324786,2,116,332,139,0.01,Low Risk
1063.95,16.62421875,3,61,570,63,0.99,High Risk
451.42,451.42,1,1,1,0,1.0,High Risk
415.82000000000005,51.977500000000006,1,8,290,0,1.0,High Risk
4206.39,16.05492366412214,13,170,2565,198,0.0,Low Risk
5488.18,18.355117056856187,17,221,3367,341,0.0,Low Risk
784.58,25.309032258064516,3,24,602,230,0.0,Low Risk
903.9,18.83125,3,48,430,26,0.98,High Risk
3651.27,18.72446153846154,4,142,1305,63,0.98,High Risk
515.77,14.736285714285714,5,31,301,266,0.0,Low Risk
1391.98,15.640224719101123,4,69,861,218,0.0,Low Risk
2218.62,16.681353383458646,6,117,1071,343,0.0,Low Risk
1801.14,43.930243902439024,5,37,922,210,0.0,Low Risk
1303.9099999999999,32.59775,2,40,603,31,0.995,High Risk
1945.33,27.018472222222222,4,63,1271,33,0.995,High Risk
2100.6,42.86938775510204,5,33,1856,196,0.0,Low Risk
1905.45,15.491463414634147,4,96,1357,227,0.0,Low Risk
206.98,12.175294117647057,1,17,128,0,1.0,High Risk
570.96,9.209032258064516,2,57,202,17,1.0,High Risk
885.47,26.832424242424242,2,28,375,356,0.0,Low Risk
15.0,15.0,1,1,1,0,1.0,High Risk
532.94,26.647000000000002,1,20,220,0,1.0,High Risk
1654.31,24.328088235294118,3,64,963,154,0.0,Low Risk
1836.09,15.966,14,73,882,299,0.0,Low Risk
636.14,12.473333333333333,2,44,996,41,0.995,High Risk
576.0,14.76923076923077,1,39,415,0,1.0,High Risk
794.64,12.04,3,63,1092,265,0.01,Low Risk
836.79,15.49611111111111,1,54,465,0,1.0,High Risk
2225.15,8.271933085501859,4,242,961,206,0.0,Low Risk
954.09,19.0818,4,47,439,286,0.005,Low Risk
137.37,13.737,1,10,26,0,1.0,High Risk
391.98,16.3325,1,24,189,0,1.0,High Risk
33643.08,201.45556886227547,19,54,18368,356,0.0,Low Risk
1048.49,16.911129032258064,3,56,675,114,0.0,Low Risk
355.56,13.168888888888889,2,26,396,113,0.005,Low Risk
1224.06,26.043829787234042,4,36,942,266,0.0,Low Risk
118.95,14.86875,1,8,27,0,1.0,High Risk
130.73999999999998,11.885454545454543,1,11,134,0,1.0,High Risk
3711.77,26.896884057971015,8,98,1926,319,0.0,Low Risk
389.27,17.694090909090907,2,22,449,249,0.01,Low Risk
234.88,2.525591397849462,2,87,298,148,0.01,Low Risk
160.71,7.305000000000001,2,22,48,10,1.0,High Risk
110.8,3.6933333333333334,1,29,135,0,1.0,High Risk
2969.12,21.51536231884058,12,105,926,357,0.0,Low Risk
712.24,8.903,5,59,470,126,0.0,Low Risk
16143.64,25.706433121019106,27,300,10866,361,0.0,Low Risk
297.0,21.214285714285715,1,14,308,0,1.0,High Risk
1427.57,7.59345744680851,5,146,1163,351,0.0,Low Risk
965.16,6.943597122302158,8,106,437,327,0.0,Low Risk
3146.92,5.82762962962963,8,343,2528,254,0.0,Low Risk
832.88,5.665850340136054,4,142,585,365,0.0,Low Risk
68.84,3.8244444444444445,2,18,19,167,0.03,Low Risk
1936.32,96.816,6,16,1192,293,0.0,Low Risk
895.13,22.37825,3,37,368,173,0.0,Low Risk
211.89,4.927674418604651,1,43,124,0,1.0,High Risk
3810.14,8.300958605664487,15,304,2052,363,0.0,Low Risk
149.64,9.975999999999999,2,13,175,0,1.0,High Risk
351.44,4.749189189189189,1,68,333,0,1.0,High Risk
316.25,2.928240740740741,2,101,187,0,1.0,High Risk
4405.88,36.71566666666667,7,110,2534,220,0.0,Low Risk
490.33,3.8915079365079364,2,122,368,16,0.995,High Risk
329.03000000000003,3.4273958333333336,1,95,202,0,1.0,High Risk
501.39,17.289310344827587,5,26,260,52,1.0,High Risk
516.36,22.450434782608696,4,23,276,169,0.0,Low Risk
396.48,8.091428571428573,2,42,223,31,0.995,High Risk
379.35,21.075000000000003,3,18,111,216,0.0,Low Risk
181.09,15.090833333333334,1,12,147,0,1.0,High Risk
168.31,14.025833333333333,1,11,76,0,1.0,High Risk
420.07,4.942,2,79,206,212,0.005,Low Risk
511.68,8.528,1,60,418,0,1.0,High Risk
258.25,6.97972972972973,2,35,164,115,0.005,Low Risk
179.17,16.288181818181815,1,11,94,0,1.0,High Risk
208.59,9.481363636363637,2,17,223,0,1.0,High Risk
1383.83,16.474166666666665,5,71,567,367,0.0,Low Risk
56.25,14.0625,1,4,39,0,1.0,High Risk
337.28000000000003,7.176170212765958,1,44,216,0,1.0,High Risk
351.73,3.168738738738739,3,102,379,138,0.0,Low Risk
5126.76,69.28054054054054,7,46,2410,285,0.0,Low Risk
164.68,5.489333333333334,1,30,84,0,1.0,High Risk
1567.69,10.451266666666667,7,114,544,235,0.0,Low Risk
882.72,3.905840707964602,3,176,478,206,0.01,Low Risk
191.94,27.419999999999998,1,7,98,0,1.0,High Risk
1228.88,4.6198496240601505,8,216,1013,315,0.0,Low Risk
264.62,13.927368421052632,2,19,185,54,1.0,High Risk
1502.8600000000001,9.95271523178808,8,124,752,350,0.0,Low Risk
123.1,10.258333333333333,1,12,42,0,1.0,High Risk
334.23,8.35575,2,33,153,80,1.0,High Risk
525.69,4.308934426229508,2,104,385,349,0.005,Low Risk
167.5,2.7916666666666665,4,53,99,0,0.98,High Risk
323.03000000000003,13.459583333333335,1,24,162,0,1.0,High Risk
369.5,33.59090909090909,1,11,138,0,1.0,High Risk
127.08,6.051428571428572,1,21,122,0,1.0,High Risk
207.15,17.2625,1,12,93,0,1.0,High Risk
426.63,20.315714285714286,1,21,139,0,1.0,High Risk
2495.87,21.703217391304346,8,92,2325,285,0.0,Low Risk
1107.46,14.965675675675676,3,63,885,65,0.975,High Risk
416.86,34.73833333333334,2,12,115,2,1.0,High Risk
145.35,20.764285714285712,1,7,73,0,1.0,High Risk
404.58000000000004,22.47666666666667,5,13,240,211,0.0,Low Risk
6115.01,80.46065789473684,15,29,4728,241,0.0,Low Risk
35.8,35.8,1,1,4,0,1.0,High Risk
337.44,24.102857142857143,1,14,232,0,1.0,High Risk
325.1,54.18333333333334,1,6,50,0,1.0,High Risk
181.0,90.5,1,2,52,0,1.0,High Risk
1708.24,58.9048275862069,1,29,898,0,0.995,High Risk
955.24,15.920666666666667,2,51,567,35,1.0,High Risk
364.72,19.19578947368421,2,12,284,54,0.995,High Risk
1744.71,17.986701030927836,4,87,719,327,0.0,Low Risk
708.22,17.273658536585366,2,36,313,276,0.0,Low Risk
781.91,9.30845238095238,4,66,391,191,0.0,Low Risk
1657.28,17.085360824742267,8,63,891,354,0.0,Low Risk
4416.26,24.13256830601093,14,137,2135,348,0.0,Low Risk
428.89,10.211666666666666,1,40,211,0,1.0,High Risk
104.35,14.907142857142857,1,7,33,0,1.0,High Risk
470.76,16.812857142857144,2,26,298,25,1.0,High Risk
808.87,7.287117117117117,4,89,434,350,0.0,Low Risk
397.68,4.971,2,73,205,295,0.0,Low Risk
666.1,33.305,3,20,124,182,0.01,Low Risk
314.09999999999997,28.55454545454545,1,11,116,0,1.0,High Risk
4199.85,119.9957142857143,12,10,1717,293,0.0,Low Risk
307.82000000000005,76.95500000000001,1,4,106,0,1.0,High Risk
3442.15,19.557670454545455,7,141,2262,249,0.0,Low Risk
371.01,15.45875,1,24,243,0,1.0,High Risk
427.64,4.454583333333333,2,83,275,54,0.99,High Risk
1054.73,16.226615384615386,2,48,1016,21,0.98,High Risk
1098.78,22.42408163265306,1,49,888,0,1.0,High Risk
2398.86,55.78744186046512,3,40,1560,165,0.0,Low Risk
3408.48,35.13896907216495,8,56,1866,286,0.0,Low Risk
1465.12,13.081428571428571,4,82,886,351,0.0,Low Risk
2780.63,10.777635658914729,10,218,1815,365,0.0,Low Risk
1142.42,30.876216216216218,2,29,1086,113,0.0,Low Risk
168.11999999999998,12.008571428571427,1,14,268,0,1.0,High Risk
1432.77,11.193515625,7,110,1533,356,0.005,Low Risk
156.78,6.03,1,26,180,0,1.0,High Risk
792.11,15.232884615384616,2,52,443,243,0.005,Low Risk
41.989999999999995,13.996666666666664,1,3,17,0,1.0,High Risk
2777.67,5.115414364640884,7,335,2037,35,0.95,High Risk
414.27,12.9459375,1,31,173,0,1.0,High Risk
1032.58,8.130551181102362,6,103,380,277,0.005,Low Risk
3080.22,6.111547619047618,5,373,2032,325,0.0,Low Risk
12393.7,1377.0777777777778,3,9,5110,0,0.99,High Risk
2735.37,26.556990291262135,5,82,1185,329,0.0,Low Risk
578.71,2.8791542288557217,4,173,280,258,0.005,Low Risk
101.4,12.675,1,8,84,0,1.0,High Risk
1693.81,4.445695538057743,4,224,1388,167,0.0,Low Risk
478.78,14.508484848484848,3,29,323,180,0.005,Low Risk
972.11,11.855,4,68,366,137,0.0,Low Risk
392.4,4.9670886075949365,3,61,202,116,0.005,Low Risk
3352.96,15.966476190476191,16,100,2035,357,0.0,Low Risk
1415.29,15.05627659574468,3,87,799,119,0.0,Low Risk
37130.6,267.126618705036,47,31,15536,367,0.0,Low Risk
646.83,4.687173913043479,3,123,258,253,0.01,Low Risk
704.55,3.892541436464088,3,146,907,45,0.985,High Risk
1465.51,6.542455357142857,8,157,602,363,0.0,Low Risk
211.88,6.62125,1,26,102,0,1.0,High Risk
408.9,14.603571428571428,2,26,190,141,0.005,Low Risk
3786.24,23.663999999999998,9,134,1733,317,0.0,Low Risk
851.01,18.500217391304346,3,42,487,48,0.99,High Risk
602.63,8.48774647887324,1,68,255,0,1.0,High Risk
719.8100000000001,7.126831683168318,3,90,358,220,0.0,Low Risk
251.03,3.9846031746031745,1,61,397,0,1.0,High Risk
439.65999999999997,15.702142857142857,1,28,338,0,1.0,High Risk
236.09,7.3778125,1,30,243,0,1.0,High Risk
934.62,58.41375,6,11,1147,210,0.0,Low Risk
80850.84,335.4806639004149,63,45,40108,335,0.0,Low Risk
331.24,11.422068965517242,1,28,283,0,1.0,High Risk
547.9,5.590816326530612,2,91,421,154,0.005,Low Risk
8778.82,7.782641843971631,20,540,3529,364,0.0,Low Risk
437.7,19.895454545454545,3,18,242,136,0.0,Low Risk
758.9200000000001,13.798545454545456,2,55,716,176,0.01,Low Risk
855.02,21.923589743589744,3,37,428,88,0.965,High Risk
471.78,18.145384615384614,3,24,244,194,0.0,Low Risk
1313.55,20.20846153846154,3,57,684,203,0.005,Low Risk
3166.4,527.7333333333333,3,6,1584,110,0.0,Low Risk
1177.47,16.821,5,68,743,310,0.0,Low Risk
773.99,19.845897435897434,4,30,503,280,0.0,Low Risk
1340.7,16.15301204819277,4,71,897,170,0.0,Low Risk
256.44,32.055,2,8,144,0,1.0,High Risk
1074.81,3.5946822742474915,3,248,763,34,1.0,High Risk
137.9,13.790000000000001,1,10,278,0,1.0,High Risk
362.06,10.648823529411764,1,34,282,0,1.0,High Risk
1511.95,17.999404761904763,2,81,1793,89,0.965,High Risk
783.9,11.198571428571428,1,70,380,0,1.0,High Risk
134.8,16.85,1,8,22,0,1.0,High Risk
650.75,9.859848484848484,1,66,345,0,1.0,High Risk
2263.12,18.703471074380165,7,109,863,268,0.0,Low Risk
1453.16,8.163820224719101,6,126,641,301,0.0,Low Risk
1153.62,18.0253125,4,51,800,355,0.005,Low Risk
335.32,14.57913043478261,1,23,262,0,1.0,High Risk
367.14,5.02931506849315,1,71,228,0,1.0,High Risk
1521.04,15.059801980198019,5,77,935,107,0.0,Low Risk
852.15,25.82272727272727,2,32,457,9,0.99,High Risk
326.24,15.535238095238096,1,21,180,0,1.0,High Risk
584.3199999999999,25.405217391304344,1,23,140,0,1.0,High Risk
122.4,122.4,1,1,48,0,1.0,High Risk
2234.73,17.323488372093024,10,71,1435,205,0.0,Low Risk
79.2,79.2,1,1,16,0,1.0,High Risk
1352.0,64.38095238095238,3,18,864,23,0.99,High Risk
217.16,21.716,2,10,128,192,0.0,Low Risk
2799.42,12.553452914798207,5,176,1473,310,0.0,Low Risk
1317.62,42.50387096774193,2,31,908,259,0.0,Low Risk
436.18,11.47842105263158,1,38,216,0,1.0,High Risk
981.51,5.877305389221557,5,123,636,297,0.0,Low Risk
1121.39,28.753589743589746,5,24,511,307,0.0,Low Risk
315.06,17.503333333333334,2,16,154,43,0.995,High Risk
817.86,16.036470588235293,3,37,628,139,0.005,Low Risk
17.0,17.0,1,1,20,0,1.0,High Risk
1078.23,17.114761904761906,4,48,647,207,0.0,Low Risk
320.62,26.718333333333334,1,12,155,0,1.0,High Risk
185.04999999999998,18.505,1,10,87,0,1.0,High Risk
2005.63,29.934776119402986,7,34,613,286,0.0,Low Risk
731.9,18.766666666666666,3,29,434,175,0.0,Low Risk
1290.7,16.982894736842105,1,76,757,0,1.0,High Risk
1842.14,32.31824561403509,3,41,942,86,0.995,High Risk
1429.64,29.784166666666668,6,30,558,226,0.0,Low Risk
298.21,10.650357142857143,1,28,122,0,1.0,High Risk
336.96,25.919999999999998,1,13,330,0,1.0,High Risk
108.38,18.063333333333333,1,6,74,0,1.0,High Risk
3204.1600000000003,103.36000000000001,7,16,1176,165,0.0,Low Risk
842.5,17.552083333333332,1,48,615,0,1.0,High Risk
611.88,33.99333333333333,2,18,612,89,0.975,High Risk
1320.95,3.8624269005847953,3,283,720,266,0.015,Low Risk
195.74,12.23375,4,15,574,195,0.005,Low Risk
161.38,5.379333333333333,1,30,176,0,1.0,High Risk
135.75000000000003,16.968750000000004,1,8,43,0,1.0,High Risk
1660.88,5.952974910394266,8,171,994,282,0.0,Low Risk
612.78,18.02294117647059,1,34,248,0,1.0,High Risk
232.21,7.740333333333334,1,30,130,0,1.0,High Risk
423.36,26.46,2,14,240,64,0.995,High Risk
1309.14,43.638000000000005,4,26,878,0,0.995,High Risk
854.66,4.189509803921569,2,171,576,158,0.015,Low Risk
684.42,18.011052631578945,4,25,1128,293,0.005,Low Risk
307.78,19.23625,1,16,170,0,1.0,High Risk
249.0,22.636363636363637,1,11,48,0,1.0,High Risk
289.35,22.25769230769231,1,13,124,0,1.0,High Risk
6287.77,53.741623931623934,4,58,2125,267,0.005,Low Risk
656.25,16.40625,1,40,323,0,1.0,High Risk
1880.22,21.126067415730336,5,76,988,264,0.0,Low Risk
3506.54,44.95564102564102,6,55,1802,188,0.005,Low Risk
14589.04,43.16284023668639,33,218,8887,314,0.0,Low Risk
618.09,17.659714285714287,2,34,371,337,0.005,Low Risk
517.55,24.645238095238092,1,21,209,0,1.0,High Risk
709.38,19.172432432432434,3,35,440,217,0.005,Low Risk
635.41,20.497096774193547,3,25,330,187,0.0,Low Risk
725.1800000000001,20.719428571428573,2,32,730,305,0.0,Low Risk
620.4,20.68,1,30,238,0,1.0,High Risk
535.34,14.46864864864865,1,37,422,0,1.0,High Risk
2424.94,20.725982905982907,6,77,919,365,0.0,Low Risk
175.2,175.2,1,1,16,0,1.0,High Risk
3799.4900000000002,16.96200892857143,11,135,3123,351,0.005,Low Risk
734.13,25.314827586206896,3,26,427,74,0.995,High Risk
375.0,17.045454545454547,1,22,246,0,1.0,High Risk
76.32000000000001,76.32000000000001,1,1,72,0,1.0,High Risk
280.52,15.584444444444443,2,18,308,137,0.01,Low Risk
2053.02,17.547179487179488,5,91,1047,329,0.0,Low Risk
1829.04,63.070344827586204,1,29,642,0,1.0,High Risk
1824.23,20.496966292134832,5,78,1073,305,0.005,Low Risk
3092.04,24.1565625,9,108,1273,302,0.0,Low Risk
656.69,36.482777777777784,3,12,347,56,0.99,High Risk
348.2,24.87142857142857,1,14,236,0,1.0,High Risk
1025.44,51.272000000000006,2,20,1162,20,0.995,High Risk
5533.67,11.748768577494692,19,290,2583,367,0.0,Low Risk
37.4,18.7,1,2,4,0,1.0,High Risk
856.6,142.76666666666668,2,5,192,132,0.0,Low Risk
822.48,24.19058823529412,3,27,433,25,1.0,High Risk
3787.6,38.648979591836735,27,57,1892,359,0.0,Low Risk
1822.97,21.44670588235294,4,71,1325,67,0.995,High Risk
1885.05,15.0804,6,106,1770,197,0.0,Low Risk
73.19999999999999,24.399999999999995,1,3,24,0,1.0,High Risk
1140.21,16.524782608695652,5,52,787,146,0.0,Low Risk
1418.32,16.884761904761906,6,70,575,82,0.985,High Risk
1009.55,43.893478260869564,3,19,651,25,0.99,High Risk
1037.59,17.889482758620687,4,45,533,145,0.0,Low Risk
331.95,22.13,1,15,95,0,1.0,High Risk
197.9,24.7375,1,8,94,0,1.0,High Risk
215.83,19.62090909090909,1,11,99,0,1.0,High Risk
10254.18,63.29740740740741,8,92,5867,152,0.0,Low Risk
305.54,27.776363636363637,1,11,152,0,1.0,High Risk
6617.65,236.34464285714284,4,18,3791,222,0.0,Low Risk
338.71000000000004,22.58066666666667,1,15,113,0,1.0,High Risk
1158.79,25.750888888888888,6,26,561,147,0.0,Low Risk
529.41,17.07774193548387,2,31,260,215,0.0,Low Risk
4006.94,18.38045871559633,12,92,3020,349,0.0,Low Risk
6911.4400000000005,23.428610169491527,15,160,5048,252,0.0,Low Risk
981.86,14.654626865671641,4,65,782,198,0.0,Low Risk
215.48,19.58909090909091,2,9,134,69,1.0,High Risk
215.08,35.84666666666667,1,6,88,0,1.0,High Risk
5180.52,38.66059701492538,13,66,3351,357,0.0,Low Risk
314.45,16.55,1,19,219,0,1.0,High Risk
400.68100000000004,26.71206666666667,1,15,129,0,1.0,High Risk
1068.8700000000001,6.21436046511628,2,149,516,159,0.01,Low Risk
1863.47,16.78801801801802,4,74,1286,106,0.0,Low Risk
365.27,20.292777777777776,1,18,191,0,1.0,High Risk
592.9,16.939999999999998,4,27,262,313,0.0,Low Risk
384.18,7.6836,1,45,218,0,1.0,High Risk
757.63,7.810618556701031,4,75,516,148,0.005,Low Risk
537.0600000000001,8.524761904761906,4,52,272,272,0.005,Low Risk
394.38,20.756842105263157,1,19,140,0,1.0,High Risk
664.26,10.064545454545454,2,62,333,244,0.0,Low Risk
2262.62,49.18739130434783,5,38,1179,157,0.0,Low Risk
21086.3,171.43333333333334,18,75,7559,372,0.0,Low Risk
547.02,23.783478260869565,1,23,154,0,1.0,High Risk
690.34,16.837560975609758,2,40,244,264,0.005,Low Risk
159.0,26.5,1,6,48,0,1.0,High Risk
1062.75,24.15340909090909,3,36,420,98,0.01,Low Risk
242.35,17.310714285714287,1,14,104,0,1.0,High Risk
914.9300000000001,24.72783783783784,1,37,254,0,1.0,High Risk
304.25,20.283333333333335,2,13,91,46,1.0,High Risk
3084.68,36.72238095238095,7,59,2088,343,0.005,Low Risk
860.86,9.061684210526316,3,90,714,330,0.0,Low Risk
773.55,6.340573770491803,1,120,325,0,1.0,High Risk
1295.3,13.492708333333333,4,90,1116,192,0.0,Low Risk
1096.32,8.181492537313432,5,109,493,232,0.0,Low Risk
255.12,31.89,3,6,192,32,0.99,High Risk
314.22,52.370000000000005,1,6,90,0,1.0,High Risk
1010.6,21.50212765957447,2,46,318,125,0.0,Low Risk
542.03,15.486571428571429,2,32,365,30,1.0,High Risk
990.88,26.78054054054054,4,24,550,171,0.0,Low Risk
536.6800000000001,24.394545454545458,3,22,174,295,0.0,Low Risk
867.31,18.854565217391304,5,42,330,291,0.0,Low Risk
432.2,21.61,1,20,184,0,1.0,High Risk
414.2,21.8,2,18,228,132,0.0,Low Risk
3718.8,27.546666666666667,2,126,1641,53,0.995,High Risk
2590.31,3.9546717557251907,13,351,1443,360,0.0,Low Risk
3579.86,12.259794520547945,7,187,1969,268,0.0,Low Risk
409.1,8.02156862745098,2,49,110,21,1.0,High Risk
1522.75,16.733516483516482,2,88,855,160,0.0,Low Risk
1413.66,15.707333333333334,3,80,1014,233,0.0,Low Risk
114.56,7.16,1,16,182,0,1.0,High Risk
152.94,21.84857142857143,1,7,78,0,1.0,High Risk
1800.07,26.08797101449275,5,67,950,186,0.0,Low Risk
389.44,16.226666666666667,2,22,208,112,0.005,Low Risk
3683.86,29.95008130081301,2,114,3233,188,0.015,Low Risk
2619.91,9.70337037037037,8,149,1767,348,0.0,Low Risk
752.4300000000001,57.87923076923077,1,13,581,0,1.0,High Risk
46.95,23.475,1,2,2,0,1.0,High Risk
5203.51,38.54451851851852,5,111,2994,173,0.0,Low Risk
1035.45,57.525000000000006,1,18,311,0,1.0,High Risk
728.54,6.122184873949579,4,96,301,228,0.005,Low Risk
5447.0,21.112403100775193,9,167,2646,355,0.0,Low Risk
861.89,14.129344262295081,7,44,398,132,0.0,Low Risk
667.65,14.836666666666666,2,45,533,0,0.995,High Risk
1141.24,21.134074074074075,1,54,688,0,1.0,High Risk
1404.64,10.804923076923078,5,90,1024,355,0.0,Low Risk
411.7,16.468,1,25,224,0,1.0,High Risk
351.75,5.411538461538462,1,64,153,0,1.0,High Risk
559.87,16.965757575757575,1,33,336,0,1.0,High Risk
810.6,135.1,1,6,420,0,1.0,High Risk
566.38,24.625217391304346,1,23,114,0,1.0,High Risk
1502.78,14.177169811320754,3,102,1046,155,0.0,Low Risk
2062.06,121.29764705882353,1,17,934,0,1.0,High Risk
168.3,15.3,1,11,114,0,1.0,High Risk
1570.81,9.462710843373493,5,119,1236,202,0.0,Low Risk
812.68,7.89009708737864,2,87,535,19,1.0,High Risk
142.5,17.8125,1,8,298,0,1.0,High Risk
302.25,17.779411764705884,1,17,191,0,1.0,High Risk
2248.9900000000002,19.059237288135595,10,103,982,345,0.0,Low Risk
1328.55,16.817088607594936,4,70,841,54,0.99,High Risk
301.9,15.094999999999999,1,20,206,0,1.0,High Risk
598.2,22.15555555555556,3,22,198,164,0.0,Low Risk
233.22,21.201818181818183,1,11,158,0,1.0,High Risk
5360.63,33.09030864197531,3,119,2659,307,0.0,Low Risk
361.21999999999997,16.419090909090908,1,22,256,0,1.0,High Risk
632.27,15.42121951219512,6,36,487,153,0.0,Low Risk
2560.0,640.0,4,1,8000,223,0.01,Low Risk
706.57,16.823095238095238,2,39,467,134,0.01,Low Risk
616.26,16.655675675675674,2,35,394,31,1.0,High Risk
274.15,17.134375,2,16,165,46,1.0,High Risk
226.37,16.169285714285714,1,14,75,0,1.0,High Risk
2938.91,19.46298013245033,8,122,1484,293,0.0,Low Risk
1341.65,19.444202898550724,3,64,890,177,0.0,Low Risk
328.15,17.271052631578947,1,19,199,0,1.0,High Risk
404.40000000000003,134.8,1,3,72,0,1.0,High Risk
1038.46,18.543928571428573,2,56,732,40,0.995,High Risk
373.65,31.1375,5,7,135,251,0.0,Low Risk
326.75,8.83108108108108,2,28,231,35,0.99,High Risk
207.50000000000003,207.50000000000003,1,1,50,0,1.0,High Risk
408.59000000000003,3.6809909909909915,3,100,270,48,0.99,High Risk
594.24,33.013333333333335,3,14,194,198,0.0,Low Risk
3039.2200000000003,10.130733333333334,14,159,682,328,0.0,Low Risk
3820.27,12.051324921135647,6,143,2560,355,0.0,Low Risk
251.91,6.4592307692307696,3,39,147,94,0.0,Low Risk
1582.8,10.482119205298012,7,126,797,277,0.0,Low Risk
26626.8,591.7066666666667,22,9,32184,302,0.0,Low Risk
151.05,15.105,1,10,87,0,1.0,High Risk
214.8,19.527272727272727,1,11,94,0,1.0,High Risk
94.05,5.225,1,17,21,0,1.0,High Risk
534.31,3.789432624113475,1,124,486,0,1.0,High Risk
1971.8700000000001,25.608701298701302,4,60,1398,176,0.0,Low Risk
322.41,21.494000000000003,4,10,157,104,0.01,Low Risk
328.58,7.641395348837209,2,29,175,0,0.995,High Risk
101.10000000000001,50.550000000000004,1,1,18,0,1.0,High Risk
565.46,15.282702702702704,1,35,288,0,1.0,High Risk
847.45,9.97,2,61,341,25,0.99,High Risk
1415.65,6.376801801801802,7,158,805,207,0.0,Low Risk
53.5,5.944444444444445,1,9,9,0,1.0,High Risk
1116.47,19.58719298245614,4,41,545,312,0.0,Low Risk
153.9,19.2375,1,8,90,0,1.0,High Risk
494.44,17.658571428571427,2,28,300,20,0.995,High Risk
6675.71,71.0181914893617,23,51,2006,366,0.0,Low Risk
395.8,10.148717948717948,2,38,150,9,1.0,High Risk
211.77,6.831290322580646,3,20,93,79,0.98,High Risk
658.88,19.378823529411765,3,31,246,180,0.0,Low Risk
2027.5,18.60091743119266,4,83,1302,183,0.005,Low Risk
1750.92,26.52909090909091,9,39,1183,324,0.0,Low Risk
3450.41,5.425172955974842,6,365,2110,83,0.97,High Risk
891.21,8.569326923076924,4,87,418,61,0.99,High Risk
709.99,9.220649350649351,5,58,340,58,0.995,High Risk
109.36000000000001,21.872000000000003,1,5,52,0,1.0,High Risk
705.79,13.572884615384615,2,48,279,125,0.0,Low Risk
1540.42,30.2043137254902,9,46,504,349,0.0,Low Risk
327.3,18.183333333333334,1,18,256,0,1.0,High Risk
800.67,6.304488188976378,2,123,643,325,0.01,Low Risk
479.91,6.955217391304348,2,58,251,25,0.99,High Risk
1545.41,13.20863247863248,3,91,1030,178,0.0,Low Risk
1301.91,5.890995475113122,4,143,640,142,0.01,Low Risk
355.73,3.866630434782609,2,86,158,0,1.0,High Risk
466.73,4.281926605504587,2,101,237,196,0.005,Low Risk
974.96,7.991475409836066,2,104,691,8,0.97,High Risk
676.2,135.24,1,5,1500,0,0.995,High Risk
362.95,15.780434782608696,3,22,267,63,1.0,High Risk
2157.4,19.975925925925928,4,87,1410,74,1.0,High Risk
1743.1499999999999,56.23064516129032,1,28,1428,0,0.995,High Risk
643.76,6.568979591836735,2,80,467,193,0.0,Low Risk
584.5,17.71212121212121,2,33,260,174,0.0,Low Risk
554.86,9.734385964912281,3,52,258,306,0.0,Low Risk
302.57,3.735432098765432,2,76,205,225,0.0,Low Risk
94.36,23.59,1,4,44,0,1.0,High Risk
1382.07,40.64911764705882,4,33,1242,229,0.0,Low Risk
217.89000000000001,5.0672093023255815,1,41,201,0,1.0,High Risk
3040.96,9.299571865443426,13,125,1573,366,0.0,Low Risk
1555.34,18.73903614457831,5,62,2604,232,0.005,Low Risk
1482.06,7.194466019417476,5,153,1472,270,0.0,Low Risk
1705.8,20.802439024390242,2,76,758,99,0.005,Low Risk
408.02,5.666944444444444,2,68,263,216,0.0,Low Risk
303.93,10.480344827586206,1,28,172,0,1.0,High Risk
4098.32,22.033978494623653,12,69,3882,326,0.0,Low Risk
293.45,5.148245614035088,2,55,146,104,0.0,Low Risk
177.5,17.75,1,10,114,0,1.0,High Risk
443.05,19.26304347826087,1,23,157,0,1.0,High Risk
167.25,33.45,2,3,187,7,0.99,High Risk
154.35,2.661206896551724,1,54,116,0,1.0,High Risk
2079.68,12.379047619047618,10,100,1093,299,0.0,Low Risk
2022.98,8.757489177489177,5,147,1304,281,0.0,Low Risk
211.7,4.8113636363636365,2,41,131,349,0.005,Low Risk
135.99,4.533,1,25,63,0,1.0,High Risk
262.2,8.458064516129031,1,30,148,0,1.0,High Risk
126.25,18.035714285714285,2,5,27,258,0.015,Low Risk
200.27,4.2610638297872345,1,45,178,0,1.0,High Risk
1051.4,14.808450704225354,3,59,672,29,0.995,High Risk
631.12,6.643368421052632,3,76,280,181,0.0,Low Risk
958.71,19.1742,6,36,428,199,0.005,Low Risk
34684.4,93.99566395663958,51,69,33704,351,0.0,Low Risk
346.12,19.22888888888889,1,18,230,0,1.0,High Risk
133.56,26.712,1,5,88,0,1.0,High Risk
302.7,14.414285714285715,1,21,199,0,1.0,High Risk
1863.76,5.279773371104816,10,211,1215,273,0.0,Low Risk
241.06,26.784444444444446,2,8,156,21,0.995,High Risk
284.55,142.275,1,2,9,0,1.0,High Risk
300.85,50.14166666666667,1,6,103,0,1.0,High Risk
623.28,8.201052631578946,3,51,442,84,0.99,High Risk
287.40000000000003,35.925000000000004,1,8,276,0,1.0,High Risk
184.26,10.838823529411764,1,17,106,0,1.0,High Risk
1511.8,14.128971962616822,7,88,760,270,0.0,Low Risk
798.35,6.04810606060606,5,73,463,76,0.99,High Risk
3640.67,12.91017730496454,5,187,2018,206,0.0,Low Risk
381.2,15.883333333333333,2,22,173,224,0.005,Low Risk
609.3,3.563157894736842,3,161,443,359,0.01,Low Risk
654.67,7.793690476190475,4,69,407,218,0.0,Low Risk
230.51,3.658888888888889,1,62,111,0,1.0,High Risk
168472.5,56157.5,2,3,80997,204,0.015,Low Risk
255.91,7.526764705882353,1,34,221,0,1.0,High Risk
182.99,9.631052631578948,1,19,76,0,1.0,High Risk
707.69,17.69225,2,40,367,82,0.99,High Risk
311.92,28.35636363636364,1,11,200,0,1.0,High Risk
266.97,19.069285714285716,1,14,120,0,1.0,High Risk
6.9,3.45,2,2,3,19,0.94,High Risk
1841.18,18.59777777777778,7,69,988,307,0.0,Low Risk
2158.18,19.61981818181818,5,82,1147,273,0.0,Low Risk
208.36,23.151111111111113,1,9,140,0,1.0,High Risk
3482.7400000000002,17.241287128712873,18,53,2154,357,0.0,Low Risk
811.23,6.145681818181818,3,128,876,53,0.995,High Risk
142.92,4.46625,1,31,48,0,1.0,High Risk
136.0,45.333333333333336,3,1,16,210,0.04,Low Risk
1422.4,17.346341463414635,4,74,1163,182,0.0,Low Risk
1298.66,5.646347826086957,3,152,952,122,0.02,Low Risk
1595.96,10.931232876712329,7,103,785,258,0.0,Low Risk
74.9,37.45,1,2,31,0,1.0,High Risk
625.42,3.6574269005847952,4,148,260,222,0.0,Low Risk
752.77,4.590060975609756,4,120,522,307,0.005,Low Risk
223.95000000000002,17.22692307692308,1,13,141,0,1.0,High Risk
316.11,17.561666666666667,3,18,196,171,0.0,Low Risk
1810.65,5.372848664688427,7,237,909,137,0.01,Low Risk
544.3,19.439285714285713,4,23,319,185,0.0,Low Risk
2494.46,17.085342465753424,7,111,1415,307,0.0,Low Risk
331.0,19.470588235294116,3,15,224,40,1.0,High Risk
300.83,8.595142857142857,2,35,102,0,1.0,High Risk
769.29,14.514905660377357,1,51,455,0,1.0,High Risk
220.62,12.256666666666668,1,18,346,0,1.0,High Risk
139.35,7.334210526315789,1,19,44,0,1.0,High Risk
404.3,16.172,2,25,200,17,1.0,High Risk
363.65,8.658333333333333,1,41,235,0,1.0,High Risk
498.8,17.2,3,28,728,115,0.0,Low Risk
731.5,18.756410256410255,1,39,478,0,1.0,High Risk
1351.6299999999999,24.136249999999997,4,40,1164,250,0.0,Low Risk
826.53,16.5306,1,47,675,0,1.0,High Risk
648.26,7.366590909090909,3,78,328,272,0.0,Low Risk
1599.52,16.837052631578945,3,92,1111,308,0.005,Low Risk
2965.69,21.80654411764706,6,128,1396,283,0.0,Low Risk
100.97,6.731333333333334,2,15,45,0,0.995,High Risk
365.45,19.23421052631579,2,18,127,4,0.99,High Risk
400.86,36.441818181818185,6,8,123,326,0.005,Low Risk
1431.93,17.046785714285715,4,72,569,253,0.0,Low Risk
465.88,5.613012048192771,1,76,510,0,1.0,High Risk
777.6,194.4,1,4,576,0,0.99,High Risk
90.30000000000001,30.100000000000005,2,3,42,20,0.99,High Risk
363.70000000000005,27.97692307692308,1,13,64,0,1.0,High Risk
248.1,19.084615384615383,1,13,92,0,1.0,High Risk
918.33,5.7756603773584905,3,135,405,244,0.0,Low Risk
874.59,24.988285714285716,4,33,407,38,0.995,High Risk
1624.14,14.631891891891893,5,89,826,259,0.0,Low Risk
101.69999999999999,16.95,1,6,58,0,1.0,High Risk
162.7,9.570588235294117,1,17,96,0,1.0,High Risk
484.32,12.108,2,36,327,222,0.005,Low Risk
215.07999999999998,16.544615384615383,2,13,54,340,0.005,Low Risk
1046.57,6.708782051282051,3,129,558,179,0.0,Low Risk
9418.470000000001,32.477482758620695,21,154,4265,313,0.0,Low Risk
13027.45,71.18825136612023,26,75,7397,364,0.0,Low Risk
290.36,19.357333333333333,1,15,106,0,1.0,High Risk
228.06,16.29,1,14,106,0,1.0,High Risk
244.41,14.377058823529412,1,17,171,0,1.0,High Risk
455.25,15.175,1,30,198,0,1.0,High Risk
1244.59,16.163506493506492,7,68,915,338,0.0,Low Risk
6748.8,1687.2,3,2,2016,320,0.02,Low Risk
1082.81,6.1523295454545455,3,112,611,48,0.995,High Risk
593.75,19.153225806451612,1,31,356,0,1.0,High Risk
548.12,10.15037037037037,1,49,250,0,1.0,High Risk
1388.81,30.862444444444442,4,36,477,370,0.0,Low Risk
119.62,23.924,1,5,46,0,1.0,High Risk
339.3,113.10000000000001,1,3,78,0,1.0,High Risk
787.15,31.486,2,25,549,81,1.0,High Risk
4034.9,4.362054054054054,10,449,2294,324,0.0,Low Risk
2298.97,9.159243027888445,5,163,1540,259,0.0,Low Risk
922.12,28.81625,3,26,970,240,0.0,Low Risk
379.73,22.337058823529414,2,17,219,130,0.0,Low Risk
5719.82,68.09309523809523,12,62,4600,197,0.0,Low Risk
837.1,16.098076923076924,3,51,402,289,0.0,Low Risk
285.89,16.81705882352941,2,15,175,74,0.995,High Risk
3313.79,16.008647342995168,7,145,1890,293,0.0,Low Risk
281.85,25.622727272727275,2,11,111,113,0.0,Low Risk
8338.49,18.127152173913043,20,265,5377,365,0.0,Low Risk
841.41,15.02517857142857,2,52,500,331,0.0,Low Risk
511.12,16.48774193548387,2,29,244,54,1.0,High Risk
1077.74,56.72315789473684,1,19,486,0,1.0,High Risk
173.7,57.9,1,3,46,0,1.0,High Risk
614.66,34.147777777777776,5,14,362,277,0.0,Low Risk
865.6,24.731428571428573,2,34,996,142,0.0,Low Risk
124.2,24.84,1,5,93,0,1.0,High Risk
3738.4,29.66984126984127,10,70,2112,296,0.0,Low Risk
1421.69,16.34126436781609,3,74,1239,255,0.005,Low Risk
1009.6,17.712280701754388,3,40,532,148,0.0,Low Risk
663.61,15.800238095238095,2,40,360,205,0.0,Low Risk
451.44,16.122857142857143,1,28,416,0,1.0,High Risk
105.84,11.76,1,9,134,0,1.0,High Risk
313.62,52.27,1,6,164,0,1.0,High Risk
233.45,16.675,1,14,111,0,1.0,High Risk
936.08,33.431428571428576,2,25,646,174,0.005,Low Risk
463.95,57.99375,1,8,95,0,1.0,High Risk
225.15,17.31923076923077,1,13,71,0,1.0,High Risk
459.24,13.916363636363636,3,31,368,90,0.015,Low Risk
213.5,21.35,1,10,41,0,1.0,High Risk
4113.68,19.044814814814817,16,144,2927,283,0.0,Low Risk
330.03,12.223333333333333,3,24,116,277,0.005,Low Risk
181.09,3.416792452830189,1,53,64,0,1.0,High Risk
360.16,4.237176470588236,1,83,335,0,1.0,High Risk
250.15,20.845833333333335,2,12,97,350,0.0,Low Risk
90.04,12.862857142857143,1,7,184,0,1.0,High Risk
145.05,14.505,1,10,73,0,1.0,High Risk
813.52,13.121290322580645,6,50,1145,334,0.0,Low Risk
242.7,8.09,1,29,133,0,1.0,High Risk
528.08,18.209655172413793,1,29,336,0,1.0,High Risk
482.47,14.19029411764706,2,34,480,16,0.995,High Risk
3347.71,19.46343023255814,14,140,2859,341,0.0,Low Risk
5493.46,19.903840579710145,7,158,2420,237,0.0,Low Risk
75.66,12.61,1,6,66,0,1.0,High Risk
129.49,12.949000000000002,1,9,47,0,1.0,High Risk
1187.66,17.994848484848486,4,48,506,278,0.0,Low Risk
618.59,20.619666666666667,1,30,293,0,1.0,High Risk
506.19,19.468846153846155,1,26,223,0,1.0,High Risk
500.42,15.164242424242424,2,31,370,142,0.025,Low Risk
151.85,30.369999999999997,1,5,91,0,1.0,High Risk
2647.59,27.579062500000003,5,79,1363,291,0.0,Low Risk
226.20999999999998,16.157857142857143,1,14,133,0,1.0,High Risk
178.96,19.884444444444444,2,9,88,257,0.015,Low Risk
813.48,28.05103448275862,4,22,302,226,0.0,Low Risk
129.45,25.889999999999997,1,5,39,0,1.0,High Risk
810.57,16.886875,2,44,488,116,0.005,Low Risk
333.08,14.481739130434782,1,23,164,0,1.0,High Risk
4413.1,24.65418994413408,17,87,2690,265,0.0,Low Risk
322.8,16.14,1,20,162,0,1.0,High Risk
2188.05,18.701282051282053,5,79,1205,205,0.0,Low Risk
408.63,6.8105,2,58,489,22,0.995,High Risk
2883.1,18.967763157894737,6,115,1138,216,0.0,Low Risk
217.9,24.211111111111112,2,9,82,149,0.01,Low Risk
1154.47,16.73144927536232,4,66,927,193,0.0,Low Risk
1680.72,17.88,10,92,1255,346,0.0,Low Risk
1257.51,25.150199999999998,3,48,510,204,0.01,Low Risk
231.1,19.258333333333333,1,12,256,0,1.0,High Risk
688.33,20.245,2,32,479,202,0.005,Low Risk
487.51,18.055925925925926,1,27,269,0,1.0,High Risk
833.78,13.448064516129032,2,62,826,34,0.99,High Risk
214.06,15.290000000000001,2,12,146,35,0.995,High Risk
290.65999999999997,15.297894736842103,1,19,281,0,1.0,High Risk
518.42,21.60083333333333,1,24,372,0,1.0,High Risk
6773.97,57.406525423728816,7,74,3283,214,0.0,Low Risk
1212.66,17.574782608695653,2,67,733,55,0.99,High Risk
601.27,20.733448275862067,4,29,282,227,0.0,Low Risk
3789.52,14.688062015503876,6,208,2363,314,0.0,Low Risk
8625.8,118.16164383561643,15,14,8894,342,0.0,Low Risk
874.43,4.554322916666666,4,158,1130,244,0.005,Low Risk
123.24,15.405,1,8,40,0,1.0,High Risk
39.12,19.56,1,2,72,0,1.0,High Risk
1267.65,79.228125,4,16,571,303,0.005,Low Risk
135.4,15.044444444444444,1,9,59,0,1.0,High Risk
118.98,3.718125,1,31,233,0,1.0,High Risk
567.18,10.907307692307691,2,52,236,216,0.005,Low Risk
306.72,15.336000000000002,6,9,318,269,0.0,Low Risk
1348.88,8.646666666666667,3,141,881,54,0.99,High Risk
4095.9,16.25357142857143,11,181,2556,341,0.0,Low Risk
1692.27,282.045,3,3,875,136,0.01,Low Risk
8134.9400000000005,71.35912280701754,20,22,2832,264,0.0,Low Risk
304.24,3.2713978494623657,2,89,181,43,1.0,High Risk
1592.12,17.888988764044942,4,76,636,303,0.0,Low Risk
3109.99,19.07969325153374,12,93,2397,280,0.0,Low Risk
129.75,43.25,1,3,29,0,1.0,High Risk
183.7,18.369999999999997,1,10,94,0,1.0,High Risk
1770.3400000000001,40.23500000000001,6,19,1407,180,0.0,Low Risk
1028.0,34.266666666666666,5,15,1040,183,0.0,Low Risk
66653.56,240.6265703971119,28,121,50255,353,0.0,Low Risk
324.24,5.2296774193548385,2,60,396,0,1.0,High Risk
2959.88,5.440955882352942,7,410,1977,307,0.0,Low Risk
1260.86,20.336451612903225,4,52,804,59,0.99,High Risk
422.6,32.50769230769231,2,12,330,6,1.0,High Risk
225.58,18.798333333333336,2,10,138,129,0.0,Low Risk
1276.0,425.3333333333333,2,2,152,32,0.995,High Risk
477.86,8.099322033898305,2,58,203,203,0.005,Low Risk
657.9,65.78999999999999,4,7,146,112,0.005,Low Risk
112.75,5.369047619047619,1,20,27,0,1.0,High Risk
1998.0,399.6,2,4,840,26,1.0,High Risk
5076.55,16.482305194805196,13,165,4024,357,0.0,Low Risk
5398.3,37.488194444444446,13,100,6393,352,0.0,Low Risk
14034.99,51.98144444444444,20,136,5476,358,0.0,Low Risk
531.35,4.319918699186992,3,108,249,76,0.985,High Risk
656.63,24.31962962962963,1,27,285,0,1.0,High Risk
3029.87,38.35278481012658,5,65,851,197,0.0,Low Risk
2467.9900000000002,6.263934010152285,10,273,1823,349,0.0,Low Risk
1651.03,75.04681818181818,5,18,833,354,0.0,Low Risk
3611.31,8.245,11,260,1730,266,0.0,Low Risk
6910.78,11.164426494345719,15,345,4271,347,0.0,Low Risk
1129.06,12.977701149425286,3,77,589,98,0.0,Low Risk
301.71999999999997,15.879999999999999,1,19,642,0,1.0,High Risk
901.2,450.6,2,1,120,44,0.995,High Risk
3843.08,19.40949494949495,6,179,1860,342,0.0,Low Risk
606.05,13.773863636363636,1,41,407,0,1.0,High Risk
1770.22,9.031734693877551,7,109,1175,353,0.0,Low Risk
152.95,6.117999999999999,1,25,180,0,1.0,High Risk
292.47,7.904594594594595,1,37,172,0,1.0,High Risk
4730.81,21.025822222222224,13,98,5001,351,0.0,Low Risk
576.4,13.723809523809523,2,37,398,16,0.995,High Risk
758.27,5.229448275862069,7,110,288,69,0.965,High Risk
1358.74,7.633370786516854,5,122,945,335,0.0,Low Risk
256.32,5.825454545454545,1,41,167,0,1.0,High Risk
1048.28,3.9858555133079845,4,219,671,218,0.005,Low Risk
7205.33,10.983734756097562,21,239,5722,203,0.0,Low Risk
743.11,9.062317073170732,3,75,994,267,0.0,Low Risk
603.75,21.5625,1,28,317,0,1.0,High Risk
646.76,12.437692307692307,3,44,345,61,0.995,High Risk
2247.41,19.374224137931034,5,90,1532,255,0.0,Low Risk
417.6,417.6,1,1,288,0,1.0,High Risk
3.75,3.75,1,1,3,0,1.0,High Risk
323.0,24.846153846153847,1,13,172,0,1.0,High Risk
464.9,464.9,1,1,1,0,1.0,High Risk
2213.13,11.648052631578947,7,90,2035,329,0.005,Low Risk
1291.91,5.4741949152542375,7,198,798,161,0.005,Low Risk
7180.7,20.227323943661972,17,150,6719,225,0.0,Low Risk
6680.11,15.045292792792791,18,239,4660,354,0.0,Low Risk
836.0600000000001,19.906190476190478,2,35,583,30,0.99,High Risk
1515.9,21.969565217391306,5,44,880,316,0.005,Low Risk
623.93,6.567684210526315,5,74,214,187,0.0,Low Risk
1764.72,70.5888,1,24,1031,0,1.0,High Risk
207.5,23.055555555555557,1,9,54,0,1.0,High Risk
223.92000000000002,6.5858823529411765,1,34,189,0,1.0,High Risk
2002.4,1001.2,1,2,4280,0,1.0,High Risk
1475.43,8.942,3,134,1058,201,0.005,Low Risk
239.4,18.415384615384617,1,13,106,0,1.0,High Risk
106.83000000000001,15.261428571428572,1,7,81,0,1.0,High Risk
369.34000000000003,16.78818181818182,1,22,203,0,1.0,High Risk
789.79,18.804523809523808,3,40,609,23,0.995,High Risk
316.62,24.355384615384615,1,13,341,0,1.0,High Risk
1207.24,19.162539682539684,3,51,480,124,0.0,Low Risk
611.8499999999999,26.602173913043476,1,23,319,0,1.0,High Risk
2790.9500000000003,3.987071428571429,13,210,1253,139,0.0,Low Risk
34.0,34.0,1,1,4,0,1.0,High Risk
1145.6,33.69411764705882,2,17,536,0,0.985,High Risk
5575.56,25.22877828054299,11,148,4423,285,0.0,Low Risk
478.09000000000003,8.85351851851852,3,47,196,224,0.0,Low Risk
361.54,9.51421052631579,1,33,80,0,1.0,High Risk
757.1,5.407857142857143,5,116,456,314,0.0,Low Risk
2242.61,8.829173228346457,5,200,1487,304,0.0,Low Risk
171.59,6.599615384615385,1,23,171,0,1.0,High Risk
661.52,13.781666666666666,4,36,322,110,0.0,Low Risk
1691.51,10.773949044585986,11,85,439,357,0.0,Low Risk
371.54,5.232957746478873,1,61,254,0,1.0,High Risk
222.62,4.6379166666666665,2,45,62,176,0.005,Low Risk
245.94,15.37125,2,16,194,199,0.0,Low Risk
10611.72,32.05957703927492,22,165,5301,364,0.0,Low Risk
422.24,7.156610169491525,2,51,270,158,0.005,Low Risk
311.25,18.308823529411764,1,17,113,0,1.0,High Risk
2267.9500000000003,12.393169398907105,13,105,705,355,0.0,Low Risk
107.6,35.86666666666667,1,3,24,0,1.0,High Risk
594.39,4.016148648648649,2,138,304,131,0.01,Low Risk
80.8,16.16,1,5,32,0,1.0,High Risk
1545.62,16.619569892473116,6,88,898,34,0.985,High Risk
1705.78,5.432420382165605,7,219,757,303,0.0,Low Risk
110.38,9.198333333333332,2,11,44,0,0.99,High Risk
243.84,15.24,1,16,146,0,1.0,High Risk
1196.5,4.303956834532374,10,144,923,179,0.005,Low Risk
414.88,6.286060606060606,1,64,239,0,1.0,High Risk
305.62,16.97888888888889,1,18,186,0,1.0,High Risk
1162.65,7.452884615384616,1,148,524,0,1.0,High Risk
1594.23,21.2564,4,72,493,110,0.0,Low Risk
332.3,13.845833333333333,1,24,245,0,1.0,High Risk
536.99,8.949833333333334,3,59,246,247,0.0,Low Risk
460.59000000000003,4.699897959183674,2,94,539,186,0.005,Low Risk
762.16,8.195268817204301,4,68,356,135,0.0,Low Risk
1121.59,16.740149253731342,3,58,778,128,0.005,Low Risk
288.42,12.540000000000001,2,21,196,175,0.0,Low Risk
914.69,6.138859060402685,5,81,652,239,0.0,Low Risk
309.54,20.636000000000003,1,15,114,0,1.0,High Risk
547.07,19.538214285714286,2,26,477,12,1.0,High Risk
479.35,31.956666666666667,1,15,81,0,1.0,High Risk
1652.18,3.878356807511737,10,250,1501,196,0.0,Low Risk
6416.7,20.115047021943575,21,122,2697,355,0.0,Low Risk
417.06,14.895,4,28,274,254,0.0,Low Risk
1604.75,18.65988372093023,9,73,822,365,0.01,Low Risk
3349.57,17.81686170212766,11,172,2164,194,0.0,Low Risk
497.61,19.138846153846153,1,26,307,0,1.0,High Risk
358.38,9.431052631578947,1,34,136,0,1.0,High Risk
460.64,17.716923076923077,2,23,236,148,0.0,Low Risk
775.18,27.685,2,27,566,147,0.0,Low Risk
341.7,15.531818181818181,1,22,158,0,1.0,High Risk
128.5,16.0625,2,8,59,19,0.995,High Risk
197.22,17.92909090909091,1,11,99,0,1.0,High Risk
325.91,14.170000000000002,1,23,264,0,1.0,High Risk
199.15,16.595833333333335,3,11,33,33,0.995,High Risk
1106.53,23.5431914893617,4,46,440,333,0.0,Low Risk
413.46,17.2275,1,24,358,0,1.0,High Risk
180.85,18.085,2,10,61,244,0.01,Low Risk
251.87,22.89727272727273,2,11,165,76,0.99,High Risk
3170.98,19.218060606060607,11,123,1563,214,0.0,Low Risk
588.85,23.554000000000002,2,24,185,90,0.015,Low Risk
16594.35,62.38477443609022,34,118,8975,360,0.0,Low Risk
1869.82,16.119137931034484,6,101,2250,250,0.0,Low Risk
1264.19,20.066507936507936,3,47,693,201,0.0,Low Risk
10196.57,26.97505291005291,16,229,10159,284,0.0,Low Risk
214.32,19.483636363636364,1,11,135,0,1.0,High Risk
193.44,16.12,1,12,78,0,1.0,High Risk
281.42,20.101428571428574,1,14,182,0,1.0,High Risk
124.57,15.57125,1,8,33,0,1.0,High Risk
332.41,17.495263157894737,1,19,249,0,1.0,High Risk
342.45,17.1225,3,17,271,47,1.0,High Risk
144.91,16.10111111111111,2,9,56,165,0.025,Low Risk
328.4,17.28421052631579,2,19,164,19,1.0,High Risk
35.400000000000006,17.700000000000003,1,2,12,0,1.0,High Risk
375.69000000000005,37.569,1,9,91,0,1.0,High Risk
747.81,14.380961538461538,2,50,827,116,0.025,Low Risk
173.76,28.959999999999997,2,6,140,98,0.005,Low Risk
502.8,19.338461538461537,2,25,409,335,0.005,Low Risk
207.74,18.885454545454547,3,10,60,20,0.99,High Risk
817.12,6.434015748031496,4,113,583,152,0.0,Low Risk
2812.34,20.528029197080293,6,131,1253,248,0.0,Low Risk
680.02,97.14571428571428,3,5,600,107,0.005,Low Risk
7123.62,25.53268817204301,6,180,3840,359,0.0,Low Risk
2095.53,18.710089285714286,5,94,1069,272,0.0,Low Risk
846.62,5.427051282051282,6,111,458,195,0.0,Low Risk
13.3,4.433333333333334,1,3,12,0,1.0,High Risk
1491.43,8.571436781609195,7,120,746,158,0.0,Low Risk
432.0,432.0,1,1,600,0,1.0,High Risk
705.12,18.080000000000002,3,39,424,250,0.005,Low Risk
272.48,7.364324324324325,2,33,103,184,0.01,Low Risk
429.84,16.53230769230769,2,26,320,0,1.0,High Risk
450.41,4.691770833333334,3,82,178,341,0.005,Low Risk
192.32999999999998,5.342499999999999,1,35,156,0,1.0,High Risk
1578.67,11.693851851851852,3,112,925,142,0.0,Low Risk
742.43,3.991559139784946,5,166,265,369,0.0,Low Risk
518.19,5.3421649484536085,5,88,236,182,0.0,Low Risk
145.93,3.242888888888889,1,44,62,0,1.0,High Risk
202.27,3.26241935483871,1,57,91,0,1.0,High Risk
289.78,7.831891891891891,2,37,73,14,0.995,High Risk
501.03,3.191273885350318,3,150,412,342,0.015,Low Risk
1271.06,10.333821138211382,6,81,520,352,0.0,Low Risk
887.11,11.229240506329115,3,78,833,46,0.965,High Risk
1706.88,38.79272727272728,1,43,629,0,1.0,High Risk
363.2,6.485714285714286,1,50,247,0,1.0,High Risk
3653.75,5.4943609022556394,16,387,1984,362,0.0,Low Risk
3037.6,15.2643216080402,7,118,1381,366,0.0,Low Risk
559.59,6.506860465116279,4,74,263,166,0.0,Low Risk
928.76,6.634,5,89,286,336,0.0,Low Risk
379.14,21.063333333333333,1,18,436,0,1.0,High Risk
1508.96,2.7687339449541284,8,318,884,86,0.97,High Risk
2555.58,25.555799999999998,11,88,1025,294,0.0,Low Risk
113.44,14.18,1,8,82,0,1.0,High Risk
183.76,6.125333333333333,1,25,112,0,1.0,High Risk
621.6800000000001,10.906666666666668,6,46,132,274,0.005,Low Risk
562.41,4.135367647058823,2,129,431,348,0.0,Low Risk
391.52,43.50222222222222,1,9,232,0,1.0,High Risk
1068.82,8.35015625,6,97,721,267,0.0,Low Risk
2592.25,7.951687116564417,11,141,1403,212,0.0,Low Risk
154.18,2.8032727272727276,1,50,154,0,1.0,High Risk
7069.08,11.292460063897764,19,316,3344,350,0.0,Low Risk
829.89,10.245555555555555,3,69,467,62,0.995,High Risk
230.25,16.446428571428573,1,14,35,0,1.0,High Risk
543.05,90.50833333333333,3,5,993,245,0.005,Low Risk
2814.7,13.797549019607843,17,68,2092,292,0.0,Low Risk
1295.39,16.823246753246753,7,51,929,151,0.0,Low Risk
378.89,7.148867924528302,3,47,339,42,0.995,High Risk
4554.87,5.140936794582393,21,451,3134,364,0.0,Low Risk
150.23000000000002,3.129791666666667,1,44,82,0,1.0,High Risk
563.23,12.800681818181818,2,42,288,237,0.015,Low Risk
931.03,15.262786885245902,2,59,397,0,1.0,High Risk
261.9,4.676785714285714,1,56,171,0,1.0,High Risk
2711.6800000000003,11.539063829787235,4,215,2533,300,0.0,Low Risk
3049.88,9.99960655737705,3,227,2169,237,0.0,Low Risk
1904.99,6.877220216606498,9,161,805,215,0.0,Low Risk
816.73,24.74939393939394,3,23,145,106,0.01,Low Risk
4345.5,17.451807228915662,19,139,2725,336,0.0,Low Risk
406.48,19.356190476190477,1,21,312,0,1.0,High Risk
435.02,22.89578947368421,3,15,1614,187,0.01,Low Risk
1286.27,21.437833333333334,6,57,791,312,0.0,Low Risk
1178.56,28.06095238095238,3,39,644,310,0.005,Low Risk
1277.75,14.857558139534884,3,73,1318,169,0.0,Low Risk
167.61,10.475625,2,16,92,0,1.0,High Risk
20.8,20.8,1,1,10,0,1.0,High Risk
2085.08,38.61259259259259,9,40,1054,358,0.0,Low Risk
518.67,20.746799999999997,4,18,266,188,0.0,Low Risk
308.74,19.29625,1,16,114,0,1.0,High Risk
416.64,26.04,2,15,172,42,1.0,High Risk
117.35000000000001,16.764285714285716,1,7,49,0,1.0,High Risk
507.05,5.02029702970297,3,93,304,213,0.0,Low Risk
234.17000000000002,16.726428571428574,1,14,125,0,1.0,High Risk
110.55000000000001,15.792857142857144,1,7,35,0,1.0,High Risk
201.19,7.738076923076923,1,26,291,0,1.0,High Risk
2154.97,76.96321428571427,7,8,1981,231,0.0,Low Risk
319.02,15.19142857142857,1,21,333,0,1.0,High Risk
439.43,14.175161290322581,2,31,326,103,0.02,Low Risk
650.41,15.48595238095238,3,42,816,152,0.005,Low Risk
357.21,8.712439024390243,1,40,72,0,1.0,High Risk
251.51999999999998,125.75999999999999,1,2,88,0,1.0,High Risk
344.33,8.828974358974358,1,39,166,0,1.0,High Risk
1852.0,20.808988764044944,6,64,865,294,0.0,Low Risk
1028.46,12.697037037037038,2,71,739,36,0.98,High Risk
384.06,17.457272727272727,1,22,182,0,1.0,High Risk
1905.87,13.327762237762236,7,113,1335,356,0.0,Low Risk
4459.52,11.148800000000001,2,354,2380,41,0.97,High Risk
5464.12,45.53433333333333,10,63,1832,341,0.0,Low Risk
1873.2,624.4,2,3,1040,0,0.995,High Risk
1616.8,12.63125,7,75,401,202,0.0,Low Risk
126.12,18.017142857142858,1,7,43,0,1.0,High Risk
1133.25,94.4375,6,8,1233,143,0.01,Low Risk
179.0,179.0,1,1,100,0,1.0,High Risk
1614.31,17.358172043010754,5,84,860,274,0.0,Low Risk
1456.96,39.3772972972973,6,13,544,323,0.0,Low Risk
702.0,58.5,3,8,360,37,0.995,High Risk
295.0,73.75,4,1,76,154,0.01,Low Risk
484.82,21.07913043478261,2,21,294,50,0.995,High Risk
3989.57,23.606923076923078,11,77,2164,358,0.0,Low Risk
1493.73,30.484285714285715,3,42,679,205,0.0,Low Risk
1312.1399999999999,30.51488372093023,2,38,771,46,0.995,High Risk
781.78,17.76772727272727,4,37,272,70,1.0,High Risk
889.9300000000001,17.114038461538463,6,50,597,306,0.005,Low Risk
195.36,17.76,1,11,118,0,1.0,High Risk
270.9,18.06,1,15,186,0,1.0,High Risk
583.4300000000001,8.103194444444446,3,63,243,58,0.99,High Risk
1838.61,8.59163551401869,3,183,1978,156,0.01,Low Risk
8694.26,34.50103174603175,20,92,6673,369,0.0,Low Risk
920.1,57.50625,2,15,176,285,0.005,Low Risk
1258.08,5.517894736842105,4,172,820,357,0.0,Low Risk
71.0,10.142857142857142,1,7,108,0,1.0,High Risk
95.85,31.95,3,2,69,112,0.03,Low Risk
357.77,39.75222222222222,3,8,235,312,0.0,Low Risk
154.83,38.7075,2,4,97,184,0.01,Low Risk
877.5600000000001,5.92945945945946,6,110,416,238,0.0,Low Risk
716.0,358.0,2,1,400,126,0.015,Low Risk
146.87,13.351818181818182,1,11,146,0,1.0,High Risk
380.35,17.288636363636364,2,19,235,143,0.0,Low Risk
1030.14,36.79071428571429,3,25,750,273,0.0,Low Risk
745.52,24.850666666666665,3,28,410,271,0.0,Low Risk
433.53000000000003,15.483214285714286,2,27,229,65,0.99,High Risk
1267.32,16.8976,1,75,656,0,1.0,High Risk
112.4,5.109090909090909,1,22,28,0,1.0,High Risk
449.73,29.982000000000003,1,15,181,0,1.0,High Risk
1071.49,15.528840579710145,3,59,927,333,0.0,Low Risk
1036.58,10.686391752577318,5,74,990,244,0.0,Low Risk
1735.18,17.01156862745098,4,100,998,234,0.0,Low Risk
948.48,158.08,1,6,504,0,1.0,High Risk
339.44,15.42909090909091,3,20,106,134,0.005,Low Risk
642.02,29.182727272727274,1,22,510,0,1.0,High Risk
1100.9,16.93692307692308,3,59,533,119,0.0,Low Risk
925.35,21.519767441860466,3,41,485,213,0.0,Low Risk
5655.03,17.839211356466876,9,202,2673,273,0.0,Low Risk
3185.64,10.342987012987013,6,169,1595,203,0.01,Low Risk
240.89000000000001,5.735476190476191,1,40,179,0,1.0,High Risk
399.09,4.808313253012048,1,72,251,0,1.0,High Risk
498.48,38.34461538461539,1,13,122,0,1.0,High Risk
1356.33,16.34132530120482,5,65,804,216,0.0,Low Risk
1179.89,19.030483870967743,3,51,592,158,0.0,Low Risk
3080.39,5.9929766536964975,5,297,1850,339,0.005,Low Risk
234.24,46.848,1,5,216,0,1.0,High Risk
5232.2300000000005,52.850808080808086,11,57,1526,158,0.0,Low Risk
533.33,7.7294202898550735,4,52,418,55,0.975,High Risk
1461.14,18.732564102564105,7,67,770,268,0.0,Low Risk
855.45,14.02377049180328,3,53,316,268,0.0,Low Risk
4552.14,15.378851351351353,21,118,2164,355,0.0,Low Risk
2709.7000000000003,18.948951048951052,9,113,1506,345,0.0,Low Risk
304.24,4.9070967741935485,1,62,131,0,1.0,High Risk
2429.03,17.350214285714287,9,103,1197,281,0.0,Low Risk
1446.09,8.310862068965516,4,142,759,91,0.005,Low Risk
834.12,10.832727272727272,4,65,292,299,0.005,Low Risk
841.0799999999999,33.6432,3,18,295,328,0.0,Low Risk
378.2,13.507142857142856,2,28,788,0,0.975,High Risk
118.80000000000001,59.400000000000006,1,2,24,0,1.0,High Risk
287.62,35.9525,2,8,166,247,0.005,Low Risk
288.91,4.585873015873016,2,55,77,20,1.0,High Risk
2003.85,24.738888888888887,2,76,1049,285,0.0,Low Risk
1405.78,27.034230769230767,3,28,772,194,0.0,Low Risk
2747.9900000000002,18.44288590604027,2,146,1702,0,0.99,High Risk
1562.4,8.4,5,115,785,239,0.0,Low Risk
2050.08,21.355,6,76,1859,56,0.995,High Risk
1991.01,17.313130434782607,4,98,868,225,0.0,Low Risk
1974.65,32.37131147540984,7,45,903,349,0.0,Low Risk
3827.76,19.629538461538463,9,120,1746,365,0.0,Low Risk
1774.03,14.306693548387097,4,99,1130,227,0.0,Low Risk
302.0,21.571428571428573,1,14,152,0,1.0,High Risk
1324.16,17.894054054054056,3,69,618,312,0.01,Low Risk
1022.13,21.294375,4,46,339,246,0.005,Low Risk
954.42,4.523317535545024,8,153,459,363,0.0,Low Risk
971.74,14.949846153846154,2,65,800,0,1.0,High Risk
1621.73,38.61261904761905,4,29,815,167,0.005,Low Risk
25.5,25.5,1,1,2,0,1.0,High Risk
665.78,7.397555555555555,2,80,693,147,0.0,Low Risk
10797.48,25.955480769230768,6,272,4826,244,0.0,Low Risk
881.29,7.597327586206896,6,107,588,203,0.0,Low Risk
163.29999999999998,13.608333333333333,1,12,50,0,1.0,High Risk
231.61,7.986551724137931,1,29,282,0,1.0,High Risk
801.12,6.5131707317073175,8,86,215,329,0.0,Low Risk
837.5,21.474358974358974,3,33,372,224,0.005,Low Risk
116.19999999999999,12.91111111111111,1,9,68,0,1.0,High Risk
157.02,15.702000000000002,1,10,154,0,1.0,High Risk
606.91,17.340285714285713,2,35,334,56,0.995,High Risk
307.46,17.08111111111111,1,18,120,0,1.0,High Risk
138.32,19.759999999999998,1,7,80,0,1.0,High Risk
345.3,38.36666666666667,1,9,246,0,1.0,High Risk
294.24,9.491612903225807,1,31,129,0,1.0,High Risk
230.5,6.585714285714285,1,34,281,0,1.0,High Risk
989.45,3.989717741935484,5,187,780,210,0.0,Low Risk
157.09,11.220714285714285,1,14,76,0,1.0,High Risk
2463.17,18.38186567164179,5,78,983,70,0.995,High Risk
4892.240000000001,181.1940740740741,7,13,2730,250,0.0,Low Risk
413.2,17.965217391304346,2,21,98,157,0.0,Low Risk
1139.73,21.917884615384615,7,35,1224,355,0.01,Low Risk
380.5,15.854166666666666,1,24,126,0,1.0,High Risk
10650.77,22.328658280922433,12,313,5176,273,0.0,Low Risk
454.12,25.22888888888889,1,16,296,0,1.0,High Risk
579.0,38.6,1,15,81,0,1.0,High Risk
984.57,20.511875,2,42,483,83,0.995,High Risk
749.78,21.422285714285714,3,33,212,253,0.01,Low Risk
1714.59,21.167777777777776,4,68,882,289,0.005,Low Risk
124.88,13.875555555555556,1,9,82,0,1.0,High Risk
1689.5,120.67857142857143,3,9,517,68,0.99,High Risk
213.78,15.27,1,14,104,0,1.0,High Risk
329.34,14.319130434782608,1,23,490,0,1.0,High Risk
251.7,12.584999999999999,2,19,242,160,0.0,Low Risk
319.0,24.53846153846154,2,11,172,168,0.005,Low Risk
1266.97,18.91,3,53,778,328,0.0,Low Risk
1538.88,15.236435643564358,3,97,1111,150,0.0,Low Risk
3518.03,15.362576419213974,6,113,2856,210,0.0,Low Risk
1715.46,16.494807692307692,10,82,1001,276,0.0,Low Risk
293.1,58.620000000000005,2,3,66,56,0.995,High Risk
2467.35,17.134375,7,92,1501,240,0.01,Low Risk
158.68,15.868,1,10,100,0,1.0,High Risk
206.34,17.195,2,11,78,165,0.0,Low Risk
835.78,15.477407407407407,2,51,526,125,0.0,Low Risk
224.91,14.056875,1,16,185,0,1.0,High Risk
317.76,21.184,1,15,480,0,1.0,High Risk
3766.6,43.79767441860465,8,36,1122,125,0.0,Low Risk
59.9,14.975,1,4,41,0,1.0,High Risk
1443.69,22.915714285714287,4,42,866,252,0.0,Low Risk
306.13,20.408666666666665,1,15,170,0,1.0,High Risk
711.79,8.897375,3,61,290,183,0.0,Low Risk
783.97,6.2717600000000004,4,91,670,259,0.0,Low Risk
239.92000000000002,10.431304347826087,2,23,241,316,0.005,Low Risk
3347.31,45.85356164383562,6,42,1296,97,0.005,Low Risk
144.0,72.0,2,1,200,13,0.965,High Risk
203.95,20.395,1,10,144,0,1.0,High Risk
2474.23,29.455119047619046,7,71,1328,351,0.0,Low Risk
383.75,6.395833333333333,2,52,226,253,0.0,Low Risk
444.74,23.40736842105263,2,19,161,148,0.005,Low Risk
2093.68,8.871525423728812,7,164,1166,340,0.0,Low Risk
1699.3,53.103125,7,18,1254,141,0.0,Low Risk
262.62,9.055862068965517,2,26,119,86,0.99,High Risk
1013.01,34.93137931034483,1,29,191,0,1.0,High Risk
692.22,7.210625,3,89,357,347,0.0,Low Risk
289.78000000000003,7.625789473684211,1,38,231,0,1.0,High Risk
3560.08,24.054594594594594,6,116,2846,24,0.985,High Risk
1564.56,27.448421052631577,4,44,646,88,0.99,High Risk
384.08,29.544615384615383,1,13,884,0,1.0,High Risk
204.24,29.177142857142858,1,7,76,0,1.0,High Risk
2317.2200000000003,10.982085308056874,8,153,1323,342,0.0,Low Risk
226.85,56.7125,1,4,147,0,1.0,High Risk
2781.23,17.71484076433121,7,86,1176,326,0.0,Low Risk
1059.1200000000001,10.486336633663367,6,79,272,298,0.0,Low Risk
113.5,12.61111111111111,1,9,24,0,1.0,High Risk
1951.97,7.202841328413284,10,146,955,363,0.0,Low Risk
114.23,4.5692,1,24,89,0,1.0,High Risk
3187.55,6.8255888650963605,14,307,1897,339,0.0,Low Risk
334.48,5.39483870967742,2,59,287,28,1.0,High Risk
328.65,12.17222222222222,1,27,122,0,1.0,High Risk
416.89,8.685208333333334,2,43,110,58,1.0,High Risk
393.49,18.73761904761905,1,21,406,0,1.0,High Risk
939.32,19.985531914893617,6,28,741,349,0.0,Low Risk
1906.09,9.16389423076923,8,145,1532,356,0.0,Low Risk
318.76,6.782127659574468,2,39,185,46,0.995,High Risk
3638.41,52.73057971014492,8,51,1651,95,0.0,Low Risk
3124.72,5.884595103578154,10,295,1724,349,0.0,Low Risk
417.77,11.936285714285713,2,30,202,11,1.0,High Risk
190.88,7.6352,1,25,131,0,1.0,High Risk
149.89,10.706428571428571,1,14,55,0,1.0,High Risk
550.06,18.96758620689655,2,24,224,347,0.01,Low Risk
916.13,8.725047619047618,6,88,474,350,0.0,Low Risk
314.69,16.562631578947368,2,18,105,11,0.995,High Risk
3719.1,6.701081081081081,17,304,1807,368,0.0,Low Risk
382.5,25.5,1,15,150,0,1.0,High Risk
1135.04,28.375999999999998,2,30,611,72,1.0,High Risk
8540.05,22.067312661498708,26,183,3320,368,0.0,Low Risk
954.9,30.80322580645161,1,31,616,0,1.0,High Risk
171.45,19.049999999999997,1,9,75,0,1.0,High Risk
280.09000000000003,5.186851851851852,1,53,105,0,1.0,High Risk
318.65,4.618115942028985,1,68,213,0,1.0,High Risk
381.97,6.820892857142858,2,55,167,257,0.005,Low Risk
269.83,7.2927027027027025,1,37,108,0,1.0,High Risk
348.90999999999997,4.057093023255813,2,86,192,69,1.0,High Risk
178.26,9.903333333333332,1,18,43,0,1.0,High Risk
271.19,2.443153153153153,2,100,251,10,1.0,High Risk
291.48,3.9389189189189193,2,69,227,258,0.0,Low Risk
240.0,15.0,2,12,141,204,0.0,Low Risk
581.23,5.010603448275862,2,104,388,220,0.0,Low Risk
1253.3600000000001,104.44666666666667,5,9,367,313,0.0,Low Risk
63.440000000000005,2.7582608695652175,1,23,36,0,1.0,High Risk
550.01,4.50827868852459,2,106,389,41,0.99,High Risk
296.58,4.062739726027397,3,60,153,145,0.01,Low Risk
317.2,8.572972972972973,2,37,158,0,0.995,High Risk
763.64,127.27333333333333,4,3,844,137,0.0,Low Risk
2148.63,18.847631578947368,4,71,1778,220,0.0,Low Risk
107.82,4.312799999999999,1,24,77,0,1.0,High Risk
1065.3500000000001,15.43985507246377,2,67,430,95,0.005,Low Risk
246.04,16.402666666666665,1,15,179,0,1.0,High Risk
187.82999999999998,20.869999999999997,1,8,48,0,1.0,High Risk
1685.46,18.937752808988765,3,79,1866,169,0.0,Low Risk
1647.48,5.661443298969072,6,230,1362,276,0.0,Low Risk
151.37,3.440227272727273,1,44,117,0,1.0,High Risk
1049.06,8.598852459016394,7,88,556,346,0.0,Low Risk
1417.6299999999999,10.12592857142857,7,118,1201,349,0.0,Low Risk
931.02,8.952115384615384,3,86,513,148,0.0,Low Risk
513.01,5.343854166666667,2,92,397,12,0.99,High Risk
550.8000000000001,550.8000000000001,1,1,72,0,1.0,High Risk
1854.06,14.04590909090909,9,93,1135,352,0.0,Low Risk
547.0,8.044117647058824,3,53,293,35,0.995,High Risk
128.18,2.615918367346939,1,49,65,0,1.0,High Risk
498.42,16.614,2,30,387,23,1.0,High Risk
656.61,11.938363636363636,4,50,668,161,0.005,Low Risk
163.24,2.7667796610169493,1,59,137,0,1.0,High Risk
1135.63,14.375063291139242,5,68,575,290,0.0,Low Risk
250.04,4.717735849056604,1,53,144,0,1.0,High Risk
8631.31,130.77742424242425,19,14,11491,342,0.0,Low Risk
82.75,6.895833333333333,1,11,41,0,1.0,High Risk
1384.85,25.179090909090906,2,55,1005,238,0.0,Low Risk
644.3,46.021428571428565,3,11,372,20,0.99,High Risk
2328.84,97.03500000000001,1,24,1402,0,1.0,High Risk
2527.92,19.297099236641223,8,120,1896,287,0.0,Low Risk
6281.23,13.335944798301485,38,257,3863,355,0.0,Low Risk
2600.34,288.9266666666667,3,8,1146,43,1.0,High Risk
1200.6200000000001,16.446849315068494,3,59,634,267,0.0,Low Risk
657.16,6.637979797979797,2,94,364,59,1.0,High Risk
906.52,4.648820512820513,7,127,760,277,0.0,Low Risk
986.48,20.132244897959183,4,43,843,348,0.0,Low Risk
96.8,16.133333333333333,1,6,60,0,1.0,High Risk
523.11,15.851818181818182,2,30,142,300,0.0,Low Risk
363.9,60.65,2,5,120,44,1.0,High Risk
175.2,175.2,1,1,16,0,1.0,High Risk
494.25,17.651785714285715,1,28,375,0,1.0,High Risk
307.02,27.91090909090909,2,11,315,6,1.0,High Risk
1981.06,3.802418426103647,4,419,1247,158,0.0,Low Risk
6493.54,9.00629680998613,8,389,3059,344,0.0,Low Risk
243.36,27.040000000000003,2,9,152,270,0.005,Low Risk
12353.29,30.352063882063884,11,235,5967,336,0.0,Low Risk
682.29,4.3457961783439485,3,147,443,209,0.0,Low Risk
193.64,11.390588235294118,1,17,56,0,1.0,High Risk
157.62,5.0845161290322585,1,31,65,0,1.0,High Risk
519.69,6.26132530120482,4,70,341,181,0.0,Low Risk
2622.88,5.430393374741201,15,302,1617,369,0.005,Low Risk
228.96,228.96,1,1,216,0,1.0,High Risk
1156.6,5.430046948356807,5,180,1398,283,0.0,Low Risk
98.25,12.28125,1,8,102,0,1.0,High Risk
1281.32,18.30457142857143,4,66,770,42,1.0,High Risk
587.15,21.746296296296297,3,22,113,237,0.01,Low Risk
1740.0,217.5,2,5,1200,25,1.0,High Risk
1393.06,87.06625,1,15,1006,0,1.0,High Risk
178.22,9.38,1,19,166,0,1.0,High Risk
384.39,8.736136363636364,2,41,152,0,0.995,High Risk
360.81,6.220862068965517,2,55,190,52,0.99,High Risk
127.86,8.524,1,13,161,0,1.0,High Risk
568.24,4.54592,3,113,328,166,0.005,Low Risk
488.2,16.834482758620688,3,26,157,242,0.0,Low Risk
312.23,8.920857142857143,2,30,191,70,0.99,High Risk
4462.68,10.991822660098522,11,288,2692,330,0.0,Low Risk
4767.36,10.252387096774193,8,278,4749,320,0.0,Low Risk
167.55,5.077272727272728,1,33,149,0,1.0,High Risk
1878.87,17.559532710280372,8,93,1377,314,0.0,Low Risk
446.18,13.520606060606061,4,31,540,96,0.0,Low Risk
418.4,4.865116279069767,3,83,151,343,0.0,Low Risk
1337.18,5.3274103585657375,8,215,747,321,0.0,Low Risk
646.92,11.349473684210526,4,47,408,272,0.005,Low Risk
495.77,17.706071428571427,2,24,85,62,0.995,High Risk
400.1,5.798550724637681,3,63,367,162,0.0,Low Risk
203.2,8.466666666666667,2,23,86,240,0.005,Low Risk
4058.32,10.045346534653465,20,191,2038,349,0.0,Low Risk
389.71999999999997,4.996410256410256,1,71,623,0,1.0,High Risk
20275.61,186.01477064220185,29,40,25649,363,0.0,Low Risk
65.4,32.7,1,2,25,0,1.0,High Risk
193.39000000000001,3.946734693877551,1,49,148,0,1.0,High Risk
336.4,22.426666666666666,2,12,88,199,0.0,Low Risk
256.11,5.691333333333334,1,42,197,0,1.0,High Risk
2686.42,95.94357142857143,6,23,1902,157,0.005,Low Risk
746.81,9.826447368421052,2,71,522,13,1.0,High Risk
1259.56,83.97066666666666,4,13,1068,209,0.0,Low Risk
31833.68,149.45389671361502,34,45,7612,330,0.0,Low Risk
508.8,169.6,2,2,480,0,0.98,High Risk
417.27,7.45125,2,53,277,51,1.0,High Risk
203.86999999999998,50.967499999999994,1,4,241,0,1.0,High Risk
7330.8,271.5111111111111,8,24,2005,332,0.0,Low Risk
681.41,7.65629213483146,2,88,250,0,0.985,High Risk
653.38,17.19421052631579,3,30,310,140,0.0,Low Risk
2097.84,10.18368932038835,5,175,1088,226,0.0,Low Risk
2633.85,44.641525423728815,13,33,701,364,0.0,Low Risk
263.92,8.2475,1,32,111,0,1.0,High Risk
31906.82,161.14555555555555,15,111,32748,356,0.0,Low Risk
1031.41,12.578170731707319,3,77,726,149,0.005,Low Risk
2184.42,19.67945945945946,3,99,780,33,0.995,High Risk
32.65,16.325,1,2,3,0,1.0,High Risk
771.85,59.37307692307692,2,13,105,63,0.995,High Risk
1214.72,18.98,5,58,616,199,0.005,Low Risk
778.94,18.998536585365855,3,39,306,249,0.0,Low Risk
1258.06,19.061515151515152,7,50,738,369,0.0,Low Risk
778.0,129.66666666666666,2,5,2100,141,0.025,Low Risk
507.84,36.27428571428571,1,14,114,0,1.0,High Risk
6893.42,25.626096654275095,7,187,4302,251,0.0,Low Risk
463.46000000000004,15.448666666666668,2,29,289,281,0.0,Low Risk
4226.57,20.517330097087378,12,155,1876,355,0.0,Low Risk
598.83,19.961000000000002,3,28,265,323,0.0,Low Risk
1979.37,16.917692307692306,6,93,2253,279,0.0,Low Risk
698.41,26.861923076923077,2,26,459,171,0.0,Low Risk
759.17,17.655116279069766,2,42,407,41,1.0,High Risk
5037.26,18.58767527675277,6,181,3094,274,0.0,Low Risk
100.8,50.4,1,2,34,0,1.0,High Risk
17256.85,52.61234756097561,28,258,9474,368,0.0,Low Risk
524.9200000000001,13.459487179487182,3,36,624,90,0.02,Low Risk
265.76,18.982857142857142,2,14,190,332,0.0,Low Risk
403.3,9.37906976744186,1,41,292,0,1.0,High Risk
365.76,7.62,2,45,207,19,0.985,High Risk
303.15999999999997,5.6140740740740736,1,53,185,0,1.0,High Risk
2373.82,17.715074626865672,7,100,1693,82,0.96,High Risk
216.3,24.033333333333335,2,7,90,225,0.005,Low Risk
388.45000000000005,22.85,1,17,103,0,1.0,High Risk
186.42000000000002,37.284000000000006,3,3,246,90,0.015,Low Risk
2248.56,16.656,6,98,1496,253,0.0,Low Risk
534.24,534.24,1,1,504,0,1.0,High Risk
2940.04,21.778074074074073,3,131,2119,25,0.975,High Risk
120.89999999999999,13.433333333333332,2,6,198,133,0.01,Low Risk
541.53,15.042499999999999,2,33,443,31,0.995,High Risk
2519.21,9.127572463768116,7,178,1121,357,0.0,Low Risk
194390.79,578.5440178571429,46,125,69973,359,0.0,Low Risk
1721.4,17.214000000000002,7,84,1203,104,0.0,Low Risk
486.71999999999997,25.616842105263157,2,19,219,46,1.0,High Risk
517.53,8.484098360655738,4,57,243,167,0.0,Low Risk
131.7,16.4625,1,8,66,0,1.0,High Risk
249.86,14.69764705882353,1,17,222,0,1.0,High Risk
1737.7,91.4578947368421,5,14,826,212,0.0,Low Risk
316.5,5.861111111111111,1,52,170,0,1.0,High Risk
657.3,5.921621621621621,2,88,537,16,1.0,High Risk
622.4300000000001,21.463103448275863,6,18,236,278,0.0,Low Risk
735.82,6.941698113207548,3,104,770,6,1.0,High Risk
675.69,25.025555555555556,2,25,227,223,0.015,Low Risk
1875.8600000000001,9.018557692307693,5,165,1086,296,0.0,Low Risk
289.96000000000004,32.21777777777778,1,9,220,0,1.0,High Risk
763.28,18.61658536585366,2,41,306,68,1.0,High Risk
137.0,27.4,2,5,116,4,0.995,High Risk
1870.97,21.261022727272728,5,63,787,188,0.0,Low Risk
1125.07,14.423974358974359,5,67,1675,323,0.0,Low Risk
697.54,4.0088505747126435,3,142,455,108,0.0,Low Risk
194.37,13.883571428571429,1,14,178,0,1.0,High Risk
511.82,17.64896551724138,1,29,338,0,1.0,High Risk
1255.59,15.312073170731706,4,69,1061,90,0.1,Low Risk
414.04,19.716190476190476,3,18,191,117,0.0,Low Risk
396.87,16.53625,1,24,191,0,1.0,High Risk
376.64,12.987586206896552,2,28,428,153,0.01,Low Risk
2092.32,27.530526315789476,7,63,1134,175,0.0,Low Risk
3558.87,32.65018348623853,10,76,2013,366,0.005,Low Risk
374.57,31.214166666666667,1,12,155,0,1.0,High Risk
497.56,18.42814814814815,2,21,229,31,1.0,High Risk
271.05,27.105,1,10,79,0,1.0,High Risk
272.21999999999997,16.012941176470587,1,17,394,0,1.0,High Risk
622.88,15.572,1,40,711,0,0.995,High Risk
1138.0,227.6,3,3,17,12,0.995,High Risk
288.6,16.033333333333335,2,18,160,0,1.0,High Risk
689.1,24.610714285714288,4,25,376,19,0.995,High Risk
558.96,14.709473684210527,2,36,486,35,1.0,High Risk
2997.03,23.598661417322838,9,112,1664,116,0.0,Low Risk
1145.84,22.035384615384615,2,48,556,44,0.995,High Risk
302.2,21.585714285714285,1,14,139,0,1.0,High Risk
605.58,6.881590909090909,2,79,359,47,0.995,High Risk
387.31,17.605,1,22,289,0,1.0,High Risk
6083.64,16.713296703296706,8,75,3512,5,0.975,High Risk
308.48,15.424000000000001,1,20,214,0,1.0,High Risk
91062.38,94.5611422637591,31,465,64549,370,0.0,Low Risk
2924.9900000000002,27.85704761904762,10,61,2753,272,0.0,Low Risk
513.2,85.53333333333335,1,6,254,0,1.0,High Risk
208.65,5.2162500000000005,1,40,135,0,1.0,High Risk
639.02,7.345057471264368,4,49,243,286,0.0,Low Risk
764.88,5.665777777777778,5,113,414,270,0.0,Low Risk
153.94,13.994545454545454,1,11,102,0,1.0,High Risk
1844.02,22.488048780487805,6,60,1236,351,0.0,Low Risk
546.81,18.226999999999997,1,30,365,0,1.0,High Risk
723.2099999999999,16.07133333333333,3,38,519,169,0.005,Low Risk
1070.71,14.667260273972603,5,59,1034,216,0.0,Low Risk
652.74,19.78,4,25,872,7,0.985,High Risk
145.0,24.166666666666668,1,6,90,0,1.0,High Risk
422.7,46.96666666666667,1,9,82,0,1.0,High Risk
1195.8999999999999,62.942105263157885,4,17,310,360,0.005,Low Risk
939.37,19.98659574468085,4,45,488,164,0.0,Low Risk
3628.5,14.34189723320158,8,183,2138,70,0.95,High Risk
2367.12,6.069538461538461,10,308,1514,363,0.0,Low Risk
296.7,21.192857142857143,1,14,136,0,1.0,High Risk
223.36,24.817777777777778,1,9,103,0,1.0,High Risk
164.4,12.646153846153847,1,13,136,0,1.0,High Risk
76.5,25.5,1,3,6,0,1.0,High Risk
887.67,11.99554054054054,2,74,699,273,0.005,Low Risk
98.42,10.935555555555556,1,9,134,0,1.0,High Risk
578.9,23.156,2,20,194,291,0.0,Low Risk
170.75,6.83,1,24,134,0,1.0,High Risk
642.32,4.555460992907801,3,122,337,0,1.0,High Risk
103.3,20.66,1,5,58,0,1.0,High Risk
148.86,24.810000000000002,2,5,210,27,0.985,High Risk
267.16,6.360952380952382,3,42,86,45,1.0,High Risk
290.34,7.444615384615384,1,39,142,0,1.0,High Risk
930.41,18.987959183673468,4,43,719,311,0.0,Low Risk
1487.6,743.8,1,2,1048,0,1.0,High Risk
1952.45,22.18693181818182,5,58,1763,146,0.0,Low Risk
480.31,4.574380952380952,2,101,348,314,0.01,Low Risk
157.9,26.316666666666666,1,6,101,0,1.0,High Risk
541.46,15.92529411764706,3,27,306,66,1.0,High Risk
854.95,32.88269230769231,4,22,635,215,0.01,Low Risk
165.12,3.6693333333333333,1,44,144,0,1.0,High Risk
1122.38,17.81555555555556,7,49,817,159,0.0,Low Risk
454.01,9.265510204081632,3,38,146,55,1.0,High Risk
869.77,6.125140845070423,2,113,497,17,1.0,High Risk
4331.48,26.251393939393935,8,110,2632,365,0.0,Low Risk
344.14,11.866896551724137,1,29,159,0,1.0,High Risk
1425.67,5.260774907749078,4,247,876,248,0.0,Low Risk
226.75000000000003,18.895833333333336,4,7,95,302,0.0,Low Risk
380.6,15.224,3,24,308,64,0.995,High Risk
185.65,23.20625,1,8,77,0,1.0,High Risk
3564.83,8.86773631840796,19,244,1967,357,0.0,Low Risk
143.45999999999998,28.691999999999997,1,5,138,0,1.0,High Risk
448.90000000000003,8.978000000000002,3,46,258,174,0.0,Low Risk
215.72,4.793777777777778,3,43,88,105,0.01,Low Risk
11025.24,25.114441913439634,25,236,5915,371,0.0,Low Risk
175.27,6.043793103448277,1,28,123,0,1.0,High Risk
1242.3,35.494285714285716,2,30,458,120,0.005,Low Risk
1116.68,5.368653846153847,4,176,1650,228,0.015,Low Risk
1240.2,53.92173913043479,3,20,676,132,0.01,Low Risk
2404.17,9.502648221343874,4,173,1631,180,0.005,Low Risk
1468.02,7.489897959183673,3,162,822,37,0.995,High Risk
2203.67,14.03611464968153,7,81,1000,293,0.0,Low Risk
3923.86,18.50877358490566,5,191,3089,349,0.0,Low Risk
993.1800000000001,19.8636,2,42,550,169,0.0,Low Risk
386.69,4.715731707317073,2,68,228,24,0.995,High Risk
2806.69,10.591283018867925,7,168,4376,345,0.0,Low Risk
2044.3700000000001,37.17036363636364,1,55,1176,0,1.0,High Risk
161.67000000000002,12.436153846153847,1,13,144,0,1.0,High Risk
116.00999999999999,12.889999999999999,1,9,103,0,1.0,High Risk
5054.42,9.173176043557168,6,336,4116,321,0.005,Low Risk
394.72,35.88363636363636,1,11,74,0,1.0,High Risk
309.36,4.91047619047619,2,57,169,94,0.02,Low Risk
191.99,3.4283928571428572,2,54,229,0,1.0,High Risk
1105.78,4.745836909871245,5,200,719,286,0.0,Low Risk
3961.12,6.986102292768959,15,441,2550,353,0.0,Low Risk
2048.45,15.173703703703703,6,118,1808,244,0.0,Low Risk
4544.55,14.851470588235294,14,211,2490,282,0.0,Low Risk
386.32,3.9420408163265304,1,97,235,0,0.995,High Risk
329.6,23.542857142857144,3,13,140,91,0.005,Low Risk
571.1999999999999,190.39999999999998,3,1,224,194,0.045,Low Risk
930.28,13.884776119402984,3,56,319,356,0.0,Low Risk
214.37,2.896891891891892,1,71,124,0,1.0,High Risk
81.44,20.36,1,4,60,0,1.0,High Risk
1379.9,53.073076923076925,3,24,514,333,0.0,Low Risk
527.05,15.971212121212119,1,33,265,0,1.0,High Risk
843.48,16.869600000000002,2,49,554,203,0.0,Low Risk
2020.4,6.602614379084968,4,223,1180,239,0.0,Low Risk
75.75,15.15,1,5,79,0,1.0,High Risk
1814.12,14.748943089430893,8,106,1629,354,0.0,Low Risk
503.59999999999997,19.369230769230768,2,24,158,62,1.0,High Risk
528.33,13.546923076923077,3,39,334,230,0.0,Low Risk
1324.84,18.92628571428571,4,59,644,88,0.99,High Risk
2358.59,7.96820945945946,9,209,838,301,0.0,Low Risk
285.56,14.278,1,20,182,0,1.0,High Risk
547.0600000000001,15.630285714285716,2,35,280,83,1.0,High Risk
108.5,15.5,1,7,49,0,1.0,High Risk
621.66,124.332,1,5,250,0,1.0,High Risk
712.29,17.80725,2,35,474,56,0.995,High Risk
101.55,12.69375,1,8,71,0,1.0,High Risk
2895.64,18.443566878980892,11,105,1793,259,0.0,Low Risk
1008.39,19.77235294117647,3,46,323,145,0.0,Low Risk
133.06,19.00857142857143,1,7,30,0,1.0,High Risk
1797.5,19.752747252747252,4,81,487,188,0.0,Low Risk
868.49,16.70173076923077,1,52,399,0,1.0,High Risk
166.07999999999998,20.759999999999998,1,8,150,0,1.0,High Risk
3945.0,17.004310344827587,10,151,3112,165,0.0,Low Risk
4867.72,18.794285714285714,12,121,2509,255,0.0,Low Risk
1207.56,27.44454545454545,4,44,1409,83,1.0,High Risk
117.55,5.343181818181818,1,22,41,0,1.0,High Risk
2638.94,28.99934065934066,7,66,1116,355,0.0,Low Risk
1674.69,20.423048780487804,5,68,1399,55,0.99,High Risk
595.42,31.337894736842102,2,17,616,185,0.0,Low Risk
2999.46,18.98392405063291,12,127,1525,354,0.005,Low Risk
178.75,4.703947368421052,1,37,121,0,1.0,High Risk
1802.91,20.96406976744186,7,63,797,261,0.0,Low Risk
604.64,14.061395348837209,2,41,604,193,0.005,Low Risk
728.16,40.45333333333333,2,14,596,61,1.0,High Risk
2055.51,17.71991379310345,5,86,1033,232,0.0,Low Risk
347.75,23.183333333333334,2,14,93,36,0.995,High Risk
3406.7200000000003,50.09882352941177,7,47,1916,206,0.005,Low Risk
205.7,18.7,1,11,110,0,1.0,High Risk
1572.71,29.67377358490566,4,40,772,349,0.0,Low Risk
3178.17,28.892454545454545,2,105,1690,259,0.005,Low Risk
1594.97,7.316376146788991,6,117,1462,318,0.0,Low Risk
551.04,20.40888888888889,2,19,672,294,0.01,Low Risk
20374.28,28.89968794326241,31,244,8360,366,0.0,Low Risk
1371.18,17.807532467532468,6,49,922,362,0.0,Low Risk
16345.38,53.94514851485148,30,184,9772,367,0.0,Low Risk
298.11,18.631875,1,16,207,0,1.0,High Risk
1992.1100000000001,66.40366666666667,2,29,729,32,1.0,High Risk
184.4,16.763636363636365,1,11,96,0,1.0,High Risk
2474.33,20.968898305084746,6,49,1367,358,0.0,Low Risk
239.41,15.960666666666667,1,15,145,0,1.0,High Risk
3155.83,24.849055118110236,7,90,1907,355,0.0,Low Risk
5739.46,20.06804195804196,7,209,2478,295,0.0,Low Risk
4726.8,18.757142857142856,15,186,1769,342,0.0,Low Risk
290.40000000000003,15.28421052631579,2,18,134,10,0.995,High Risk
740.94,16.10739130434783,4,34,672,232,0.005,Low Risk
200.47,12.529375,1,16,231,0,1.0,High Risk
283.12,18.874666666666666,1,15,184,0,1.0,High Risk
765.34,21.866857142857143,2,29,779,39,0.975,High Risk
2285.71,19.875739130434784,8,78,1756,326,0.0,Low Risk
338.95,17.839473684210525,1,19,93,0,1.0,High Risk
154.95,19.36875,1,8,93,0,1.0,High Risk
2534.64,17.84957746478873,4,116,1266,264,0.0,Low Risk
417.95,17.414583333333333,1,24,109,0,1.0,High Risk
1824.37,24.653648648648648,4,59,1353,175,0.0,Low Risk
798.74,14.522545454545455,3,48,590,103,0.02,Low Risk
885.19,28.554516129032258,2,27,343,71,0.995,High Risk
1823.52,17.70407766990291,9,64,963,298,0.0,Low Risk
10504.49,27.498664921465966,17,273,3899,362,0.0,Low Risk
152.4,30.48,2,3,144,151,0.01,Low Risk
263.33,7.744999999999999,2,28,90,137,0.01,Low Risk
137.45,19.635714285714283,1,7,17,0,1.0,High Risk
385.1,16.743478260869566,2,22,246,279,0.0,Low Risk
522.91,18.031379310344825,1,29,215,0,1.0,High Risk
153.0,15.3,1,10,92,0,1.0,High Risk
326.4,326.4,1,1,384,0,1.0,High Risk
5655.99,23.085673469387753,11,172,3072,245,0.0,Low Risk
139.35,23.224999999999998,1,6,83,0,1.0,High Risk
5396.04,19.693576642335767,15,111,2466,217,0.0,Low Risk
1195.94,23.9188,4,39,576,341,0.0,Low Risk
2424.04,21.078608695652175,4,111,1595,270,0.0,Low Risk
3276.4000000000005,327.64000000000004,6,4,792,87,0.96,High Risk
1033.0,25.825,3,38,300,67,1.0,High Risk
3439.08,17.911875,11,115,2162,250,0.005,Low Risk
1060.25,16.064393939393938,1,66,645,0,1.0,High Risk
2876.01,17.430363636363637,3,154,1469,82,0.99,High Risk
5298.4800000000005,24.304954128440368,13,130,3576,323,0.0,Low Risk
1240.11,18.509104477611938,4,54,493,104,0.005,Low Risk
303.97,16.887222222222224,1,18,93,0,1.0,High Risk
692.19,19.776857142857143,2,33,463,222,0.005,Low Risk
700.63,16.293720930232556,3,40,422,180,0.005,Low Risk
13110.02,19.000028985507246,19,323,8439,365,0.0,Low Risk
377.44,15.0976,3,24,238,104,0.0,Low Risk
168.24,16.824,2,8,108,49,0.995,High Risk
1879.05,19.371649484536082,4,89,1029,262,0.0,Low Risk
2791.35,59.39042553191489,7,30,861,348,0.0,Low Risk
355.11,23.674,2,13,89,219,0.005,Low Risk
2322.4,17.076470588235296,6,109,3412,354,0.0,Low Risk
110.25,18.375,1,6,29,0,1.0,High Risk
71.4,71.4,1,1,12,0,1.0,High Risk
674.52,19.272,2,33,320,78,1.0,High Risk
1710.45,9.29592391304348,9,101,3747,158,0.005,Low Risk
80.64,80.64,1,1,192,0,1.0,High Risk
1664.6499999999999,18.703932584269662,5,82,1816,259,0.005,Low Risk
5593.39,7.558635135135136,30,278,3318,370,0.0,Low Risk
3408.2,8.436138613861386,8,312,2054,230,0.0,Low Risk
819.96,9.110666666666667,3,82,697,152,0.0,Low Risk
287.59,11.503599999999999,2,25,239,351,0.005,Low Risk
712.78,37.514736842105265,1,19,398,0,0.995,High Risk
15.0,15.0,1,1,12,0,1.0,High Risk
772.55,10.880985915492957,2,71,351,160,0.005,Low Risk
367.63,6.564821428571428,3,51,143,98,0.0,Low Risk
271.2,12.914285714285715,1,21,128,0,1.0,High Risk
2081.9,21.243877551020407,3,77,1122,157,0.0,Low Risk
3957.43,13.017861842105262,10,200,1850,308,0.0,Low Risk
1143.27,30.086052631578948,5,33,365,83,0.99,High Risk
245.81,4.552037037037037,2,51,287,266,0.025,Low Risk
173.45,3.469,2,50,55,0,0.975,High Risk
1213.73,7.932875816993464,4,123,508,208,0.0,Low Risk
56.4,18.8,1,3,72,0,1.0,High Risk
647.56,3.408210526315789,3,141,501,75,0.97,High Risk
650.32,8.028641975308643,3,73,396,122,0.0,Low Risk
188.02,15.668333333333335,2,12,34,93,0.035,Low Risk
283.47,4.23089552238806,2,67,354,175,0.005,Low Risk
131.94,10.149230769230769,1,13,67,0,1.0,High Risk
266.85,3.9242647058823534,2,57,195,231,0.0,Low Risk
1817.54,14.19953125,4,94,896,218,0.0,Low Risk
1117.9,223.58,2,3,211,55,0.995,High Risk
225.9,16.135714285714286,1,14,74,0,1.0,High Risk
1964.3,10.393121693121692,14,121,835,338,0.0,Low Risk
106.1,10.61,1,10,46,0,1.0,High Risk
300.34,5.77576923076923,1,49,226,0,1.0,High Risk
342.83,7.618444444444444,2,43,305,85,0.99,High Risk
690.0,8.518518518518519,4,63,176,329,0.0,Low Risk
780.43,7.0309009009009005,3,102,498,160,0.005,Low Risk
3039.17,7.522698019801981,10,280,1753,339,0.0,Low Risk
1187.21,11.526310679611651,9,51,732,296,0.0,Low Risk
1285.04,9.178857142857142,3,103,752,290,0.0,Low Risk
512.31,51.230999999999995,1,10,478,0,1.0,High Risk
546.04,12.698604651162789,1,43,727,0,1.0,High Risk
5411.91,88.71983606557377,12,48,2057,357,0.0,Low Risk
7761.82,9.374178743961352,39,362,4146,329,0.0,Low Risk
699.81,5.261729323308271,4,113,329,355,0.0,Low Risk
1698.07,4.879511494252873,5,297,752,57,0.99,High Risk
36.56,2.150588235294118,4,16,30,328,0.01,Low Risk
387.68,11.747878787878788,3,32,67,272,0.005,Low Risk
3704.87,77.18479166666667,7,36,1031,299,0.0,Low Risk
298.4,22.95384615384615,1,13,408,0,0.995,High Risk
1987.33,9.24339534883721,5,190,1240,359,0.0,Low Risk
1820.09,27.1655223880597,4,54,667,162,0.0,Low Risk
889.24,29.641333333333332,1,30,496,0,1.0,High Risk
398.7,17.33478260869565,3,18,92,287,0.005,Low Risk
35.400000000000006,17.700000000000003,1,2,12,0,1.0,High Risk
155.37,2.547049180327869,1,61,208,0,1.0,High Risk
342.24,5.800677966101695,3,45,344,20,0.985,High Risk
110.21000000000001,4.592083333333334,1,23,88,0,1.0,High Risk
1541.23,9.513765432098765,8,111,510,120,0.0,Low Risk
2720.8,23.254700854700857,5,96,1831,345,0.0,Low Risk
318.15,6.11826923076923,1,50,257,0,1.0,High Risk
40519.84,5.2787701928087545,124,1345,22834,371,0.0,Low Risk
205.48,5.553513513513513,1,36,113,0,1.0,High Risk
51.559999999999995,10.312,1,5,52,0,1.0,High Risk
2033.1,2033.1,1,1,1,0,0.995,High Risk
901.1999999999999,17.670588235294115,9,41,398,276,0.0,Low Risk
605.8000000000001,23.300000000000004,4,15,114,115,0.01,Low Risk
5391.21,18.15222222222222,34,21,1733,1,0.975,High Risk
114.34,4.764166666666667,2,21,53,0,0.995,High Risk
311.26,20.750666666666667,2,15,84,41,1.0,High Risk
208.97,12.292352941176471,1,17,197,0,1.0,High Risk
1418.03,94.53533333333333,4,12,842,279,0.0,Low Risk
26879.04,497.76,23,19,19256,361,0.0,Low Risk
5140.66,26.09472081218274,12,102,2694,363,0.0,Low Risk
141.92,6.170434782608695,1,23,102,0,1.0,High Risk
226.45000000000002,4.354807692307693,1,49,93,0,1.0,High Risk
2097.88,9.579360730593608,8,173,1985,316,0.0,Low Risk
330.9,30.08181818181818,1,11,100,0,1.0,High Risk
3160.0,21.35135135135135,6,111,2638,310,0.0,Low Risk
554.85,6.165,3,70,706,262,0.005,Low Risk
10526.32,28.449513513513512,20,192,5757,333,0.0,Low Risk
329.65000000000003,36.62777777777778,1,9,174,0,1.0,High Risk
1157.8700000000001,17.027500000000003,6,62,508,258,0.005,Low Risk
428.18,10.7045,5,37,111,260,0.0,Low Risk
1865.8899999999999,6.910703703703703,12,214,1351,364,0.0,Low Risk
155.9,15.59,1,10,182,0,1.0,High Risk
1848.96,42.99906976744186,5,24,1035,293,0.0,Low Risk
683.46,14.857826086956523,6,38,221,70,0.97,High Risk
237.61,19.800833333333333,1,12,98,0,1.0,High Risk
379.45,14.59423076923077,1,26,401,0,1.0,High Risk
178.52,29.753333333333334,1,6,45,0,1.0,High Risk
458.92,17.65076923076923,1,26,314,0,1.0,High Risk
133.35,16.66875,1,8,32,0,1.0,High Risk
664.34,4.6784507042253525,4,133,374,242,0.005,Low Risk
695.0699999999999,6.151061946902654,4,107,817,367,0.0,Low Risk
156.34,2.949811320754717,1,50,110,0,1.0,High Risk
869.28,8.52235294117647,3,94,469,217,0.01,Low Risk
111.35,11.135,1,10,30,0,1.0,High Risk
716.0,11.015384615384615,8,60,973,335,0.005,Low Risk
201.37,10.0685,2,20,77,109,0.01,Low Risk
586.89,6.449340659340659,2,88,402,38,0.99,High Risk
203.85999999999999,5.995882352941176,1,34,393,0,1.0,High Risk
244.1,8.717857142857143,3,27,109,99,0.005,Low Risk
107.21,7.147333333333333,1,15,149,0,1.0,High Risk
1118.96,5.827916666666667,8,128,404,294,0.0,Low Risk
95.45,6.363333333333333,1,15,127,0,1.0,High Risk
256.32,128.16,1,2,288,0,1.0,High Risk
541.8100000000001,5.01675925925926,3,100,222,200,0.0,Low Risk
152.06,5.430714285714286,2,27,190,121,0.025,Low Risk
154.55,4.985483870967743,1,29,170,0,1.0,High Risk
112.19999999999999,18.7,2,4,73,0,1.0,High Risk
110.38,5.809473684210526,1,19,24,0,1.0,High Risk
181.07,5.325588235294117,1,33,59,0,1.0,High Risk
798.99,24.21181818181818,4,33,406,302,0.005,Low Risk
72.9,6.075,1,12,26,0,1.0,High Risk
232.03,4.2968518518518515,1,51,169,0,1.0,High Risk
366.23,9.390512820512821,1,39,223,0,1.0,High Risk
310.06,8.38,5,35,184,54,0.99,High Risk
408.65,7.0456896551724135,2,55,288,296,0.015,Low Risk
329.36,4.391466666666667,1,72,457,0,1.0,High Risk
335.03,3.6416304347826083,3,77,184,317,0.01,Low Risk
1304.04,56.697391304347825,1,23,756,0,1.0,High Risk
4119.5,6.1947368421052635,17,410,2473,369,0.0,Low Risk
820.23,5.776267605633803,4,114,425,202,0.0,Low Risk
207.50000000000003,207.50000000000003,1,1,50,0,1.0,High Risk
2962.5,95.56451612903226,7,26,1160,361,0.0,Low Risk
244.08,244.08,1,1,72,0,1.0,High Risk
397.29,18.91857142857143,2,17,306,70,1.0,High Risk
212.54,9.240869565217391,2,23,140,200,0.0,Low Risk
843.0,168.6,4,4,108,297,0.045,Low Risk
1740.48,44.62769230769231,5,26,1594,203,0.0,Low Risk
408.36,6.282461538461539,2,63,249,121,0.0,Low Risk
1331.57,14.795222222222222,3,84,789,182,0.0,Low Risk
704.25,33.535714285714285,2,21,478,7,1.0,High Risk
145.79,5.027241379310345,2,28,82,3,0.995,High Risk
380.13,5.279583333333333,1,68,257,0,1.0,High Risk
4301.22,100.02837209302326,7,19,1754,353,0.0,Low Risk
99.14,8.261666666666667,1,12,40,0,1.0,High Risk
4020.04,223.33555555555554,10,6,9323,253,0.0,Low Risk
304.56,152.28,1,2,252,0,1.0,High Risk
77.50000000000001,38.75000000000001,1,2,38,0,1.0,High Risk
149.57999999999998,7.478999999999999,2,18,75,26,1.0,High Risk
176.68,19.63111111111111,1,9,168,0,1.0,High Risk
358.56000000000006,358.56000000000006,1,1,144,0,1.0,High Risk
58510.48,835.864,45,30,30546,370,0.0,Low Risk
482.2,6.791549295774648,3,63,366,293,0.005,Low Risk
1008.5400000000001,50.42700000000001,3,18,616,333,0.0,Low Risk
2314.13,4.851425576519916,12,329,2221,365,0.0,Low Risk
557.3,29.331578947368417,4,14,273,20,1.0,High Risk
12.75,12.75,1,1,1,0,1.0,High Risk
111.68,3.6025806451612907,1,31,287,0,1.0,High Risk
508.4599999999999,72.63714285714285,1,7,84,0,1.0,High Risk
73.78,2.8376923076923077,1,26,41,0,1.0,High Risk
1296.44,5.206586345381527,39,211,560,350,0.0,Low Risk
102.41,3.0120588235294115,1,33,127,0,1.0,High Risk
463.21,4.726632653061224,2,84,294,340,0.0,Low Risk
2599.19,7.997507692307693,14,274,1532,331,0.005,Low Risk
1098.43,16.15338235294118,5,55,2571,223,0.0,Low Risk
112.27,2.673095238095238,1,41,73,0,1.0,High Risk
265.1,3.27283950617284,1,74,151,0,1.0,High Risk
228.2,16.3,2,14,152,194,0.005,Low Risk
562.79,19.40655172413793,1,27,513,0,1.0,High Risk
135.19,4.506333333333333,1,30,36,0,1.0,High Risk
337.04,22.469333333333335,1,15,176,0,1.0,High Risk
703.99,4.266606060606061,3,143,500,194,0.005,Low Risk
4483.26,15.301228668941981,13,189,1565,351,0.0,Low Risk
321.79,5.645438596491228,1,56,93,0,1.0,High Risk
288.14,13.72095238095238,1,19,342,0,1.0,High Risk
300.91999999999996,25.076666666666664,1,12,499,0,1.0,High Risk
732.41,5.30731884057971,4,116,383,224,0.005,Low Risk
811.45,27.048333333333336,3,23,682,193,0.0,Low Risk
152.68,3.1808333333333336,1,48,98,0,1.0,High Risk
631.35,30.064285714285717,1,20,171,0,1.0,High Risk
20.8,20.8,1,1,10,0,1.0,High Risk
198.57,15.274615384615384,1,13,261,0,1.0,High Risk
201.12,5.292631578947368,7,37,43,314,0.01,Low Risk
630.84,21.753103448275862,3,27,414,124,0.0,Low Risk
93.35,18.669999999999998,2,4,25,0,0.99,High Risk
674.89,8.542911392405063,4,63,495,169,0.0,Low Risk
76.1,38.05,1,2,133,0,1.0,High Risk
1962.46,11.966219512195122,8,133,2273,89,0.975,High Risk
380.39,4.18010989010989,2,87,219,329,0.015,Low Risk
415.13,7.282982456140351,2,56,362,74,1.0,High Risk
157.92,4.268108108108108,1,32,75,0,1.0,High Risk
226.47,4.273018867924528,2,52,86,43,0.99,High Risk
444.68,20.212727272727275,1,21,220,0,1.0,High Risk
2116.19,70.53966666666666,9,25,1581,248,0.0,Low Risk
247.39,7.9803225806451605,1,31,125,0,1.0,High Risk
174.8,12.485714285714286,1,14,60,0,1.0,High Risk
102.78999999999999,3.671071428571428,1,28,71,0,1.0,High Risk
187.29,6.041612903225806,2,31,285,0,0.985,High Risk
162.22,5.407333333333333,1,29,66,0,1.0,High Risk
120.03,2.6093478260869567,1,46,157,0,1.0,High Risk
1477.66,12.111967213114754,5,91,1027,331,0.0,Low Risk
523.0,174.33333333333334,3,1,300,229,0.025,Low Risk
122.14,4.211724137931035,2,29,55,91,0.05,Low Risk
38.45,7.69,1,5,7,0,1.0,High Risk
612.72,3.73609756097561,1,141,703,0,0.995,High Risk
389.78,18.56095238095238,2,21,184,0,1.0,High Risk
115.31,5.490952380952381,1,21,78,0,1.0,High Risk
230.64999999999998,25.627777777777776,2,8,67,38,0.99,High Risk
73.5,14.7,1,5,42,0,1.0,High Risk
93.82000000000001,2.8430303030303032,1,32,252,0,1.0,High Risk
418.68,3.8061818181818183,2,99,559,0,0.99,High Risk
713.89,14.569183673469388,3,44,584,7,1.0,High Risk
403.12,4.288510638297873,3,77,232,213,0.0,Low Risk
70.02,3.685263157894737,6,19,20,207,0.01,Low Risk
357.20000000000005,18.8,2,18,148,226,0.0,Low Risk
4097.37,8.94622270742358,21,288,3758,361,0.0,Low Risk
165.04999999999998,23.578571428571426,1,7,33,0,1.0,High Risk
529.29,4.6025217391304345,3,106,265,342,0.005,Low Risk
2088.6,16.445669291338582,10,88,1033,356,0.0,Low Risk
178.34,4.147441860465117,1,43,138,0,1.0,High Risk
172.29000000000002,24.612857142857145,2,6,127,0,1.0,High Risk
74.4,14.88,1,5,40,0,1.0,High Risk
300.02,15.001,1,20,302,0,1.0,High Risk
6761.34,18.88642458100559,10,226,2452,362,0.0,Low Risk
363.65,19.139473684210525,1,19,211,0,1.0,High Risk
170.16,56.72,1,3,88,0,1.0,High Risk
306.46,17.025555555555556,3,17,258,44,0.995,High Risk
2119.41,46.0741304347826,10,18,955,344,0.0,Low Risk
720.52,26.685925925925925,3,23,396,164,0.0,Low Risk
814.0,116.28571428571429,2,7,384,102,0.0,Low Risk
2392.83,17.465912408759124,14,110,1027,358,0.0,Low Risk
318.0,31.8,1,10,108,0,1.0,High Risk
396.33,10.711621621621621,1,36,189,0,1.0,High Risk
101.7,101.7,1,1,6,0,1.0,High Risk
2009.24,4.396586433260394,5,335,1296,301,0.0,Low Risk
453.0,18.12,2,23,260,108,0.0,Low Risk
247.44,13.746666666666666,1,18,288,0,1.0,High Risk
3859.82,53.60861111111112,12,23,3102,82,0.965,High Risk
489.6,37.66153846153846,1,13,190,0,1.0,High Risk
2611.75,18.392605633802816,10,98,1464,337,0.0,Low Risk
2584.41,11.589282511210762,11,103,1839,358,0.0,Low Risk
336.13,11.590689655172413,2,27,145,41,1.0,High Risk
3613.15,29.37520325203252,4,101,7347,193,0.005,Low Risk
1231.5,615.75,2,2,642,223,0.035,Low Risk
343.45,20.20294117647059,3,14,195,97,0.0,Low Risk
680.84,9.726285714285714,1,62,608,0,1.0,High Risk
90.48,90.48,1,1,312,0,1.0,High Risk
689.95,23.79137931034483,2,25,265,43,0.99,High Risk
101.34,14.477142857142857,1,7,106,0,1.0,High Risk
4055.7199999999993,2027.8599999999997,2,2,3907,192,0.02,Low Risk
166.03,4.487297297297298,1,35,107,0,1.0,High Risk
9068.26,101.89056179775281,11,28,4252,363,0.0,Low Risk
2106.52,58.51444444444444,4,31,1392,209,0.0,Low Risk
3017.3,43.104285714285716,7,39,2518,210,0.0,Low Risk
580.05,27.62142857142857,2,20,419,20,0.995,High Risk
849.06,4.331938775510204,3,157,788,52,0.995,High Risk
2662.4,25.116981132075473,6,66,1662,346,0.0,Low Risk
168.31,8.858421052631579,1,19,149,0,1.0,High Risk
222.4,5.5600000000000005,2,37,87,132,0.0,Low Risk
259657.3,602.45313225058,60,162,64124,366,0.0,Low Risk
754.64,19.858947368421052,1,38,362,0,1.0,High Risk
113.48000000000002,6.304444444444446,1,18,46,0,1.0,High Risk
421.9,11.402702702702703,1,33,126,0,1.0,High Risk
271.0,15.941176470588236,1,17,84,0,1.0,High Risk
8004.92,18.151746031746033,26,122,4230,368,0.005,Low Risk
198.8,5.372972972972973,1,33,72,0,1.0,High Risk
352.69,13.565,2,26,255,154,0.005,Low Risk
76.32000000000001,76.32000000000001,1,1,72,0,1.0,High Risk
220.1,7.860714285714286,1,28,55,0,1.0,High Risk
1403.1100000000001,3.781967654986523,8,227,837,296,0.005,Low Risk
315.65,4.384027777777778,1,68,605,0,1.0,High Risk
5625.08,4.453745051464766,26,428,2865,358,0.0,Low Risk
180.7,6.23103448275862,1,29,124,0,1.0,High Risk
111.15,6.538235294117648,1,17,31,0,1.0,High Risk
653.3,21.074193548387097,2,28,438,5,0.995,High Risk
1793.06,5.022577030812325,6,237,1225,142,0.0,Low Risk
574.4399999999999,16.895294117647058,2,31,582,7,0.98,High Risk
1131.75,5.89453125,4,165,800,286,0.0,Low Risk
200.92000000000002,3.863846153846154,1,52,135,0,1.0,High Risk
347.08,7.545217391304347,3,41,187,114,0.005,Low Risk
112.55000000000001,8.039285714285715,1,13,48,0,1.0,High Risk
1059.39,15.134142857142859,3,58,824,41,1.0,High Risk
931.5,931.5,1,1,1350,0,1.0,High Risk
681.91,34.0955,5,11,349,161,0.0,Low Risk
784.33,20.640263157894736,3,34,379,256,0.005,Low Risk
152.65,19.08125,1,8,38,0,1.0,High Risk
8438.34,53.07132075471698,6,35,5557,0,0.95,High Risk
1019.52,67.968,2,9,1276,58,1.0,High Risk
1000.16,16.396065573770493,2,59,570,25,1.0,High Risk
2888.75,67.18023255813954,12,27,1343,365,0.0,Low Risk
2861.5499999999997,12.948190045248868,4,177,2625,299,0.0,Low Risk
160.35,16.035,2,10,153,79,1.0,High Risk
179.34,25.62,2,7,203,62,0.985,High Risk
612.0799999999999,38.254999999999995,3,11,310,222,0.0,Low Risk
566.58,15.312972972972974,3,29,332,169,0.01,Low Risk
653.35,17.193421052631578,2,38,355,155,0.0,Low Risk
399.19,19.009047619047617,2,15,255,40,1.0,High Risk
371.62,14.8648,3,19,266,216,0.0,Low Risk
675.64,5.538032786885246,2,100,283,356,0.005,Low Risk
453.4,13.335294117647058,2,24,354,79,0.99,High Risk
530.15,23.05,1,23,139,0,1.0,High Risk
638.0600000000001,16.36051282051282,2,37,294,143,0.005,Low Risk
1618.69,20.233625,5,49,812,304,0.0,Low Risk
399.65,16.652083333333334,1,24,184,0,1.0,High Risk
302.46,30.246,1,10,254,0,1.0,High Risk
1384.8600000000001,37.428648648648654,3,24,382,82,1.0,High Risk
1160.04,8.923384615384615,6,97,592,196,0.0,Low Risk
202.65,22.516666666666666,1,9,61,0,1.0,High Risk
980.3100000000001,25.79763157894737,3,30,409,183,0.005,Low Risk
1231.31,22.802037037037035,5,43,481,274,0.0,Low Risk
7561.68,40.00888888888889,20,102,3184,275,0.0,Low Risk
2106.84,67.9625806451613,4,23,1220,187,0.0,Low Risk
104.0,104.0,1,1,50,0,1.0,High Risk
476.35,15.878333333333334,1,30,283,0,1.0,High Risk
1340.8700000000001,18.368082191780825,6,53,709,224,0.0,Low Risk
1590.81,16.400103092783503,4,81,983,235,0.0,Low Risk
1793.17,19.924111111111113,6,86,1360,327,0.0,Low Risk
1843.75,15.493697478991596,6,108,1721,137,0.0,Low Risk
366.85,8.947560975609756,1,40,133,0,1.0,High Risk
632.07,17.082972972972975,2,36,371,47,1.0,High Risk
49.8,49.8,1,1,60,0,1.0,High Risk
304.25,17.897058823529413,1,17,183,0,1.0,High Risk
2001.04,28.183661971830986,3,64,1168,275,0.0,Low Risk
1090.24,16.032941176470587,2,65,566,190,0.0,Low Risk
284.46000000000004,18.964000000000002,2,14,140,138,0.0,Low Risk
207.8,29.685714285714287,1,7,140,0,1.0,High Risk
957.97,21.288222222222224,1,45,339,0,1.0,High Risk
243.76,15.235,1,16,124,0,1.0,High Risk
973.84,139.12,1,7,632,0,0.995,High Risk
686.63,4.93978417266187,2,131,431,195,0.0,Low Risk
5425.56,34.12301886792453,17,83,4074,332,0.0,Low Risk
150.35,5.011666666666667,1,29,104,0,1.0,High Risk
1396.99,20.543970588235293,3,56,581,111,0.0,Low Risk
160.42000000000002,8.443157894736842,1,19,43,0,1.0,High Risk
1975.35,10.288281249999999,3,160,1190,121,0.01,Low Risk
517.36,16.1675,2,30,192,38,1.0,High Risk
139.10000000000002,17.387500000000003,1,8,58,0,1.0,High Risk
2621.38,19.562537313432838,6,110,1398,265,0.0,Low Risk
600.07,14.287380952380953,5,37,359,252,0.0,Low Risk
216.07,6.3549999999999995,1,30,92,0,1.0,High Risk
232.48000000000002,15.498666666666669,1,15,232,0,1.0,High Risk
299.34000000000003,23.02615384615385,1,13,118,0,1.0,High Risk
481.75,18.528846153846153,1,26,200,0,1.0,High Risk
621.75,20.056451612903224,2,27,491,41,1.0,High Risk
641.92,32.096,2,17,536,70,0.995,High Risk
2069.77,18.155877192982455,10,59,885,366,0.0,Low Risk
305.28,152.64,1,2,288,0,1.0,High Risk
1041.61,16.27515625,5,59,791,189,0.0,Low Risk
443.0,23.31578947368421,1,19,335,0,1.0,High Risk
6484.54,23.840220588235294,14,119,2948,353,0.0,Low Risk
158.95000000000002,15.895000000000001,1,10,69,0,1.0,High Risk
5504.96,20.46453531598513,12,152,3242,361,0.0,Low Risk
5228.05,21.603512396694217,11,141,3466,293,0.0,Low Risk
93.75,18.75,1,5,21,0,1.0,High Risk
779.9,25.996666666666666,2,24,238,22,0.995,High Risk
7276.9,44.37134146341463,20,67,2488,361,0.0,Low Risk
2810.2000000000003,32.67674418604651,7,33,1316,293,0.0,Low Risk
2071.77,16.843658536585366,5,106,819,96,0.0,Low Risk
592.97,16.026216216216216,4,31,302,115,0.0,Low Risk
440.0,440.0,1,1,4,0,1.0,High Risk
1796.48,17.273846153846154,3,100,1578,145,0.005,Low Risk
882.24,18.004897959183673,6,43,403,210,0.0,Low Risk
987.1,16.181967213114753,5,40,622,131,0.0,Low Risk
1561.6100000000001,17.745568181818182,5,80,795,153,0.0,Low Risk
422.58,70.42999999999999,1,6,126,0,1.0,High Risk
2073.09,19.933557692307694,17,60,1051,208,0.0,Low Risk
2232.4900000000002,28.62166666666667,4,72,1017,141,0.0,Low Risk
2567.06,14.668914285714285,7,153,1788,347,0.0,Low Risk
596.1,149.025,2,3,166,209,0.0,Low Risk
804.02,17.1068085106383,2,39,511,63,0.995,High Risk
95.34,11.9175,1,8,128,0,1.0,High Risk
349.27,16.63190476190476,1,21,199,0,1.0,High Risk
4314.72,269.67,1,16,7824,0,0.995,High Risk
518.27,5.5135106382978725,2,90,234,121,0.01,Low Risk
103.30000000000001,17.21666666666667,1,6,74,0,1.0,High Risk
2337.63,19.81042372881356,8,99,1041,256,0.0,Low Risk
2338.6,55.68095238095238,3,27,714,341,0.005,Low Risk
2628.35,19.76203007518797,6,86,1475,185,0.0,Low Risk
324.24,15.440000000000001,2,19,146,52,0.995,High Risk
149.48,11.498461538461537,1,13,182,0,1.0,High Risk
1213.16,19.887868852459018,3,58,1468,226,0.0,Low Risk
801.51,17.424130434782608,2,44,311,85,1.0,High Risk
25.5,25.5,1,1,2,0,1.0,High Risk
168.6,24.085714285714285,1,7,76,0,1.0,High Risk
283.15000000000003,25.740909090909096,2,11,101,228,0.0,Low Risk
3078.58,18.54566265060241,6,101,2050,244,0.0,Low Risk
204.0,68.0,3,1,80,255,0.0,Low Risk
175.92,15.992727272727272,1,11,88,0,1.0,High Risk
335.86,23.990000000000002,1,14,186,0,1.0,High Risk
110.38,13.7975,1,8,68,0,1.0,High Risk
173.9,19.322222222222223,1,9,66,0,1.0,High Risk
180.60000000000002,18.060000000000002,1,10,45,0,1.0,High Risk
80.82,11.545714285714284,1,7,54,0,1.0,High Risk
178.05,14.8375,2,12,103,118,0.005,Low Risk
2045.53,2.8370735090152563,16,272,1357,333,0.01,Low Risk
1837.28,26.24685714285714,3,59,1586,158,0.005,Low Risk
